Date,Country,Interest_Rate,CPI
2014-01,Indonesia,7.925876,8.21957878315133
2014-02,Indonesia,7.997925,7.74593338497289
2014-03,Indonesia,8.092905,7.32388937072372
2014-04,Indonesia,8.138687,7.25293777692159
2014-05,Indonesia,8.149566,7.32294072363356
2014-06,Indonesia,8.149955,6.69651362164222
2014-07,Indonesia,8.148643,4.53074433656958
2014-08,Indonesia,8.145236,3.99194286760667
2014-09,Indonesia,8.109306,4.53418999541074
2014-10,Indonesia,7.704798,4.82821804855703
2014-11,Indonesia,7.379158,6.22884844050123
2014-12,Indonesia,7.180389,8.35913312693499
2015-01,Indonesia,7.122027,6.95558158392648
2015-02,Indonesia,7.005693,6.29043853342919
2015-03,Indonesia,6.805415,6.38412498877615
2015-04,Indonesia,6.865175,6.78940278401437
2015-05,Indonesia,6.908456,7.14605935622702
2015-06,Indonesia,6.941507,7.25828051066869
2015-07,Indonesia,7.37365,7.26227333038478
2015-08,Indonesia,7.4568,7.17555907730234
2015-09,Indonesia,7.743074,6.8311528668013
2015-10,Indonesia,8.191063,6.24890753364796
2015-11,Indonesia,8.368109,4.89064921646289
2015-12,Indonesia,8.706614,3.35294117647059
2016-01,Indonesia,8.583902,4.13613006486395
2016-02,Indonesia,8.129706,4.42171119377748
2016-03,Indonesia,7.027694,4.44800810263336
2016-04,Indonesia,6.623336,3.5993608611555
2016-05,Indonesia,6.649918,3.33054393305439
2016-06,Indonesia,7.043247,3.45430331280173
2016-07,Indonesia,7.18526,3.20798284677552
2016-08,Indonesia,7.118347,2.79306662285386
2016-09,Indonesia,7.134291,3.07388838661954
2016-10,Indonesia,7.019615,3.30673685942255
2016-11,Indonesia,6.968424,3.57905105893942
2016-12,Indonesia,7.207269,3.02463614928043
2017-01,Indonesia,6.937001,3.49458016502184
2017-02,Indonesia,6.827475,3.82964942109951
2017-03,Indonesia,6.858244,3.61212121212121
2017-04,Indonesia,6.854501,4.17241659225586
2017-05,Indonesia,6.856186,4.33268545513443
2017-06,Indonesia,6.887292,4.36881486845281
2017-07,Indonesia,6.900419,3.8753495805034
2017-08,Indonesia,6.234481,3.82002717174139
2017-09,Indonesia,5.378636,3.72378598197911
2017-10,Indonesia,5.193182,3.58308782546381
2017-11,Indonesia,5.197627,3.30480266286258
2017-12,Indonesia,5.378411,3.60666087917292
2018-01,Indonesia,5.308506,3.25152415194622
2018-02,Indonesia,5.305434,3.18153462258266
2018-03,Indonesia,5.323602,3.40040555295586
2018-04,Indonesia,5.453283,3.41307566430297
2018-05,Indonesia,6.248857,3.22906155398587
2018-06,Indonesia,7.102219,3.12210915818686
2018-07,Indonesia,7.237246,3.18461538461538
2018-08,Indonesia,7.070588,3.20221691940574
2018-09,Indonesia,7.138179,2.88284132841328
2018-10,Indonesia,7.459431,3.15935121838727
2018-11,Indonesia,7.61,3.22976601457614
2018-12,Indonesia,7.69,3.13071297989031
2019-01,Indonesia,7.49,2.82361847085541
2019-02,Indonesia,7.36,2.56952841596131
2019-03,Indonesia,7.23,2.48152059134108
2019-04,Indonesia,7.21,2.83324542234948
2019-05,Indonesia,7.24,3.31603879990977
2019-06,Indonesia,7.11,3.2817522613441
2019-07,Indonesia,6.64,3.31742955121515
2019-08,Indonesia,6.29,3.49071380622063
2019-09,Indonesia,6.04,3.39236344616304
2019-10,Indonesia,5.74,3.12965722801788
2019-11,Indonesia,5.5,3.00237812128419
2019-12,Indonesia,5.5,2.71807371297733
2020-01,Indonesia,5.47,2.67982036368991
2020-02,Indonesia,5.33,3.05039787798408
2020-03,Indonesia,5.02,3.03451828954147
2020-04,Indonesia,4.9,2.65985198212061
2020-05,Indonesia,4.9,2.03311499272198
2020-06,Indonesia,4.81,1.65568905616676
2020-07,Indonesia,4.53,1.23421603290281
2020-08,Indonesia,4.34,1.06926126126126
2020-09,Indonesia,4.31,1.29854737298547
2020-10,Indonesia,4.3,1.34421965317919
2020-11,Indonesia,4.22,1.47763347763348
2020-12,Indonesia,4.06,1.58653915294456
2021-01,Indonesia,4.05,1.55395425539543
2021-02,Indonesia,3.96,1.37587587587588
2021-03,Indonesia,3.76,1.36556827841392
2021-04,Indonesia,3.75,1.42177117899442
2021-05,Indonesia,3.75,1.67825184477169
2021-06,Indonesia,3.75,1.33259758984674
2021-07,Indonesia,3.75,1.51496252686199
2021-08,Indonesia,3.75,1.59198651393104
2021-09,Indonesia,3.75,1.60230525345517
2021-10,Indonesia,3.75,1.65834405149279
2021-11,Indonesia,3.75,1.7489050679711
2021-12,Indonesia,3.75,1.87356133083799
2022-01,Indonesia,3.75,2.18028725484036
2022-02,Indonesia,3.75,2.05544619538271
2022-03,Indonesia,3.75,2.63775618425605
2022-04,Indonesia,3.75,3.47162890469401
2022-05,Indonesia,3.75,3.55435391869168
2022-06,Indonesia,3.75,4.34902975075025
2022-07,Indonesia,3.76,4.93716034993611
2022-08,Indonesia,3.98,4.69178281710526
2022-09,Indonesia,4.48,5.95136529256169
2022-10,Indonesia,5.32,5.70980121526317
2022-11,Indonesia,5.87,5.41801355341917
2022-12,Indonesia,6.4,5.50807270261313
2023-01,Indonesia,6.65,5.28214121363631
2023-02,Indonesia,6.76,5.46750279546589
2023-03,Indonesia,6.77,4.96554015920598
2023-04,Indonesia,6.76,4.32940859597061
2023-05,Indonesia,6.76,4.00425708051261
2023-06,Indonesia,6.75,3.52100821097229
2023-07,Indonesia,6.75,3.07819330941577
2023-08,Indonesia,6.74,3.27280602184508
2023-09,Indonesia,6.74,2.27824309654433
2023-10,Indonesia,6.81,2.56449042578741
2023-11,Indonesia,6.95,2.86355555496635
2023-12,Indonesia,6.95,2.6159905749529
2024-01,Indonesia,6.94,
2024-02,Indonesia,6.94,
2024-03,Indonesia,6.93,
2014-01,United States,0.12,1.57894736842123
2014-02,United States,0.13,1.12634925010587
2014-03,United States,0.12,1.51220287576306
2014-04,United States,0.12,1.95285789851657
2014-05,United States,0.11,2.12711154993704
2014-06,United States,0.11,2.07234137316722
2014-07,United States,0.13,1.99232863576419
2014-08,United States,0.13,1.69961133416321
2014-09,United States,0.12,1.65791867571525
2014-10,United States,0.12,1.66434021563246
2014-11,United States,0.13,1.32235518237025
2014-12,United States,0.15,0.756493269654916
2015-01,United States,0.16,-0.089348313070003
2015-02,United States,0.15,-0.0251298018159105
2015-03,United States,0.14,-0.0736373908662483
2015-04,United States,0.13,-0.199517446176899
2015-05,United States,0.15,-0.0399327448510193
2015-06,United States,0.18,0.123771203685664
2015-07,United States,0.19,0.169569779643353
2015-08,United States,0.26,0.195079293005574
2015-09,United States,0.27,-0.0361297478058296
2015-10,United States,0.25,0.170574435735717
2015-11,United States,0.3,0.501797578668058
2015-12,United States,0.54,0.72951978604242
2016-01,United States,0.57,1.37308681383102
2016-02,United States,0.54,1.01779978016568
2016-03,United States,0.55,0.852536221142122
2016-04,United States,0.55,1.12511041889486
2016-05,United States,0.57,1.01932255419337
2016-06,United States,0.55,0.997326494522915
2016-07,United States,0.62,0.827138870498343
2016-08,United States,0.73,1.06287450276075
2016-09,United States,0.75,1.46378364748185
2016-10,United States,0.72,1.63598752091726
2016-11,United States,0.71,1.69253716250406
2016-12,United States,0.87,2.0746221329662
2017-01,United States,0.9,2.50004220905284
2017-02,United States,0.87,2.73795817148965
2017-03,United States,0.98,2.38061243344068
2017-04,United States,1.03,2.19968987841748
2017-05,United States,1.05,1.8748777208415
2017-06,United States,1.16,1.63348795525618
2017-07,United States,1.22,1.72797845637305
2017-08,United States,1.25,1.93897421205872
2017-09,United States,1.25,2.23296386500318
2017-10,United States,1.26,2.04112870197658
2017-11,United States,1.32,2.2025829386828
2017-12,United States,1.54,2.1090824745689
2018-01,United States,1.63,2.07050762027576
2018-02,United States,1.78,2.21179542123849
2018-03,United States,2.08,2.35971140397309
2018-04,United States,2.2,2.46274394333415
2018-05,United States,2.16,2.80101171480816
2018-06,United States,2.19,2.87154783531731
2018-07,United States,2.17,2.94951508664714
2018-08,United States,2.19,2.69918010418694
2018-09,United States,2.24,2.2769721941983
2018-10,United States,2.37,2.52246992860637
2018-11,United States,2.56,2.17660103215237
2018-12,United States,2.69,1.91015884863079
2019-01,United States,2.59,1.55123513819873
2019-02,United States,2.49,1.5201352659332
2019-03,United States,2.48,1.86252274056883
2019-04,United States,2.47,1.99643977553068
2019-05,United States,2.44,1.79022846876599
2019-06,United States,2.3,1.64848465607585
2019-07,United States,2.22,1.8114648063933
2019-08,United States,2.06,1.74977988942959
2019-09,United States,2.03,1.71130451316986
2019-10,United States,1.88,1.76404294442165
2019-11,United States,1.77,2.05127798189191
2019-12,United States,1.76,2.28512974012213
2020-01,United States,1.65,2.48657195525045
2020-02,United States,1.59,2.33487356394611
2020-03,United States,1.35,1.53932699192
2020-05,United States,0.17,0.117926370210666
2020-06,United States,0.2,0.645733047555495
2020-07,United States,0.18,0.986081825303673
2020-08,United States,0.15,1.3096453823307
2020-09,United States,0.13,1.37132486105641
2020-10,United States,0.12,1.18206616772752
2020-11,United States,0.16,1.17453578426797
2020-12,United States,0.17,1.3620054947193
2021-01,United States,0.14,1.39976974156007
2021-02,United States,0.11,1.6762152173745
2021-03,United States,0.1,2.61976250895917
2021-04,United States,0.11,4.15969483870209
2021-05,United States,0.1,4.9927065375945
2021-06,United States,0.09,5.39145141332133
2021-07,United States,0.1,5.36547523938544
2021-08,United States,0.1,5.25127155487498
2021-09,United States,0.1,5.39034885507913
2021-10,United States,0.11,6.22186890332889
2021-11,United States,0.14,6.80900283980652
2021-12,United States,0.17,7.0364028655451
2022-01,United States,0.22,7.47987246828913
2022-02,United States,0.38,7.8710638977393
2022-03,United States,0.73,8.54245555484245
2022-04,United States,0.91,8.25862934088241
2022-05,United States,1.33,8.58151154367651
2022-06,United States,1.87,9.05975796478412
2022-07,United States,2.5,8.52481474562551
2022-08,United States,2.76,8.26269250311623
2022-09,United States,3.21,8.20166964383364
2022-10,United States,3.85,7.7454273308049
2022-11,United States,4.46,7.1103227941917
2022-12,United States,4.51,6.45440133141085
2023-01,United States,4.61,6.41014696885621
2023-02,United States,4.74,6.03561307786663
2023-03,United States,4.91,4.98497412209919
2023-04,United States,5.03,4.93032039818887
2023-05,United States,5.15,4.04760927279195
2023-06,United States,5.22,2.96917765455894
2023-07,United States,5.35,3.17778017794215
2023-08,United States,5.44,3.66511238439954
2023-09,United States,5.49,3.69969812134446
2023-10,United States,5.46,3.24114465189322
2023-11,United States,5.41,3.13727070884179
2023-12,United States,5.32,3.35212283143025
2024-01,United States,5.26,3.04253942883646
2024-02,United States,5.22,3.0853607899566
2024-03,United States,5.29,3.49877347582791
2014-01,China,6.76,2.50700087160098
2014-02,China,5.14,1.90622083990257
2014-03,China,4.84,2.31199234042868
2014-04,China,4.64,1.69588324826655
2014-05,China,4.5,2.41284043622229
2014-06,China,4.59,2.3086553570364
2014-07,China,4.57,2.20758660819645
2014-08,China,4.47,1.90314664360018
2014-09,China,4.44,1.61110098777062
2014-10,China,4.26,1.50918126581449
2014-11,China,4.22,1.30296664922013
2014-12,China,5.22,1.40969695543164
2015-01,China,4.98,0.709935384725382
2015-02,China,5.41,1.41271828027672
2015-03,China,5.18,1.31844981263426
2015-04,China,4.1,1.52749985914751
2015-05,China,3.11,1.22075447140375
2015-06,China,3.35,1.32383169671823
2015-07,China,3.21,1.7311566625047
2015-08,China,3.05,2.03251931141604
2015-09,China,3.16,1.61780180887384
2015-10,China,3.19,1.21334853698672
2015-11,China,3.06,1.52129172626727
2015-12,China,2.97,1.61615619876204
2016-01,China,3.19,1.81269693276343
2016-02,China,2.95,2.1890558528453
2016-03,China,2.77,2.30230464946222
2016-04,China,2.95,2.30691171748521
2016-05,China,2.89,2.11055282015408
2016-06,China,2.87,1.90954565429906
2016-07,China,2.87,1.7017087767123
2016-08,China,2.77,1.29482341721214
2016-09,China,2.81,1.8905452095174
2016-10,China,2.91,2.1978145658244
2016-11,China,3.35,2.29770459096294
2016-12,China,4.77,1.9880705565573
2017-01,China,4.57,2.57170531666564
2017-02,China,5.51,0.778965297654806
2017-03,China,4.86,0.978473132672614
2017-04,China,4.4,1.17647226078339
2017-05,China,4.86,1.67322420774009
2017-06,China,5.13,1.67652448794131
2017-07,China,4.35,1.37795645157412
2017-08,China,4.48,1.76990839840005
2017-09,China,4.59,1.660152186336
2017-10,China,4.7,1.8572803387337
2017-11,China,4.76,1.75782037201927
2017-12,China,5.55,1.85184983852998
2018-01,China,4.85,1.44648487845994
2018-02,China,4.49,2.89854931888989
2018-03,China,4.8,2.03488387803386
2018-04,China,4.37,1.84109416338324
2018-05,China,4.54,1.54889249742947
2018-06,China,4.63,1.74588566947562
2018-07,China,3.93,2.13592333946873
2018-08,China,3.23,2.3188437660718
2018-09,China,3.12,2.40154128625181
2018-10,China,3.22,2.49519586453082
2018-11,China,3.37,2.11131463691162
2018-12,China,3.87,1.91387467877129
2019-01,China,3.24,1.71102355191558
2019-02,China,2.91,1.50234252022729
2019-03,China,3.08,2.27920547827955
2019-04,China,3.0,2.56897734744269
2019-05,China,3.15,2.7645351511056
2019-06,China,3.6,2.66920525276778
2019-07,China,3.16,2.75664080889994
2019-08,China,3.11,2.83285972769273
2019-09,China,3.3,3.00187682047191
2019-10,China,3.46,3.74531647441678
2019-11,China,3.33,4.51128450144664
2019-12,China,3.49,4.41315079156351
2020-01,China,3.67,5.42053498752352
2020-02,China,2.98,5.18043380389413
2020-03,China,2.55,4.27114834055259
2020-04,China,2.32,3.24675680790698
2020-05,China,2.13,2.41186850351406
2020-06,China,2.54,2.50695946081708
2020-07,China,2.76,1.7576403656937
2020-08,China,2.97,2.38751642590364
2020-09,China,2.99,1.73043740187017
2020-10,China,3.18,0.541511956874753
2020-11,China,3.56,-0.449645068790429
2020-12,China,3.33,0.269787041274258
2021-01,China,3.01,-0.221608894417849
2021-02,China,3.25,-0.422835055086284
2021-03,China,3.07,0.321924114907341
2021-04,China,2.82,0.922645448123104
2021-05,China,2.84,1.6443550908161
2021-06,China,2.93,1.24020258548482
2021-07,China,2.82,1.9125590243571
2021-08,China,2.86,0.641575034646813
2021-09,China,2.77,0.461363318620304
2021-10,China,2.72,1.43284659919096
2021-11,China,2.94,2.47730057257302
2021-12,China,3.08,1.44190565122452
2022-01,China,3.32,0.991080277502478
2022-02,China,3.2,0.985221674876847
2022-03,China,3.17,1.48514851485148
2022-04,China,2.99,2.18470705064548
2022-05,China,2.81,2.08747514910537
2022-06,China,2.76,2.49500998003992
2022-07,China,2.79,2.6865671641791
2022-08,China,2.5,2.48508946322068
2022-09,China,2.36,2.78330019880716
2022-10,China,2.43,2.17176702862784
2022-11,China,2.68,1.5732546705998
2022-12,China,2.79,1.77514792899408
2023-01,China,2.9,2.06084396467125
2023-02,China,2.94,0.975609756097561
2023-03,China,3.05,0.682926829268293
2023-04,China,2.89,0.0971817298347911
2023-05,China,2.98,0.194741966893866
2023-06,China,2.81,0.0
2023-07,China,2.57,-0.290697674418605
2023-08,China,2.63,0.0969932104752667
2023-09,China,2.64,0.0
2023-10,China,2.73,-0.193236714975845
2023-11,China,2.88,-0.484027105517909
2023-12,China,3.02,-0.290697674418605
2024-01,China,2.79,-0.769230769230769
2014-01,Canada,1.17,1.48392415498763
2014-02,Canada,1.17,1.14099429502853
2014-03,Canada,1.17,1.5459723352319
2014-04,Canada,1.17,2.03748981255094
2014-05,Canada,1.177619,2.27642276422764
2014-06,Canada,1.174286,2.35772357723577
2014-07,Canada,1.17,2.11210398050366
2014-08,Canada,1.17,2.11210398050366
2014-09,Canada,1.17,2.02757502027575
2014-10,Canada,1.17,2.35772357723577
2014-11,Canada,1.175263,1.95121951219512
2014-12,Canada,1.188571,1.46699266503667
2015-01,Canada,1.122857,0.974817221770918
2015-02,Canada,0.8863158,1.04754230459307
2015-03,Canada,0.8936363,1.20192307692308
2015-04,Canada,0.8961905,0.798722044728435
2015-05,Canada,0.89,0.874403815580286
2015-06,Canada,0.89,1.03256552819698
2015-07,Canada,0.7404546,1.27287191726332
2015-08,Canada,0.61,1.27287191726332
2015-09,Canada,0.6519048,1.03338632750397
2015-10,Canada,0.7147619,1.03256552819698
2015-11,Canada,0.7585,1.35566188197767
2015-12,Canada,0.8171428,1.60642570281124
2016-01,Canada,0.7965,2.01126307320998
2016-02,Canada,0.799,1.35566188197767
2016-03,Canada,0.8,1.26682501979414
2016-04,Canada,0.8361905,1.66402535657686
2016-05,Canada,0.8366666,1.49724192277384
2016-06,Canada,0.8277273,1.4937106918239
2016-07,Canada,0.8105,1.25687352710133
2016-08,Canada,0.82,1.09976433621367
2016-09,Canada,0.8109524,1.3375295043273
2016-10,Canada,0.816,1.4937106918239
2016-11,Canada,0.82,1.1801730920535
2016-12,Canada,0.823,1.50197628458498
2017-01,Canada,0.872381,2.12933753943218
2017-02,Canada,0.8768421,2.0456333595594
2017-03,Canada,0.8456522,1.56372165754496
2017-04,Canada,0.8431579,1.63678877630553
2017-05,Canada,0.7977273,1.31987577639752
2017-06,Canada,0.8286363,1.00697134004648
2017-07,Canada,1.123,1.16369278510473
2017-08,Canada,1.198636,1.3986013986014
2017-09,Canada,1.321,1.5527950310559
2017-10,Canada,1.329048,1.39426800929512
2017-11,Canada,1.328095,2.099533437014
2017-12,Canada,1.372105,1.86915887850467
2018-01,Canada,1.552727,1.6988416988417
2018-02,Canada,1.547895,2.15882806476484
2018-03,Canada,1.59619,2.3094688221709
2018-04,Canada,1.639048,2.2239263803681
2018-05,Canada,1.65,2.22222222222222
2018-06,Canada,1.65,2.45398773006135
2018-07,Canada,1.796191,2.99079754601227
2018-08,Canada,1.842727,2.83524904214559
2018-09,Canada,1.874737,2.217125382263
2018-10,Canada,2.013182,2.44461420932009
2018-11,Canada,2.131905,1.67555217060168
2018-12,Canada,2.192631,1.98776758409786
2019-01,Canada,2.142984,1.44267274107821
2019-02,Canada,1.988763,1.50943396226415
2019-03,Canada,1.862238,1.8811136192626
2019-04,Canada,1.863494,2.02550637659415
2019-05,Canada,1.87211,2.39880059970015
2019-06,Canada,1.842199,2.02095808383234
2019-07,Canada,1.839895,2.01042442293373
2019-08,Canada,1.840029,1.93740685543964
2019-09,Canada,1.832785,1.8698578908003
2019-10,Canada,1.844795,1.86428038777032
2019-11,Canada,1.845125,2.17228464419476
2019-12,Canada,1.90931,2.24887556221889
2020-01,Canada,1.912474,2.39520958083832
2020-02,Canada,1.802298,2.15613382899628
2020-03,Canada,1.268552,0.886262924667651
2020-04,Canada,0.4828462,-0.220588235294118
2020-05,Canada,0.3459205,-0.366032210834553
2020-06,Canada,0.3055641,0.66030814380044
2020-07,Canada,0.2829986,0.145985401459854
2020-08,Canada,0.25565,0.146198830409357
2020-09,Canada,0.2514162,0.513950073421439
2020-10,Canada,0.2452181,0.658857979502196
2020-11,Canada,0.237422,0.953079178885631
2020-12,Canada,0.235101,0.733137829912023
2021-01,Canada,0.1978955,1.0233918128655
2021-02,Canada,0.1783747,1.09170305676856
2021-03,Canada,0.1873117,2.19619326500732
2021-04,Canada,0.1818125,3.38983050847458
2021-05,Canada,0.182691,3.60029390154298
2021-06,Canada,0.1855759,3.06122448979592
2021-07,Canada,0.2037867,3.71720116618076
2021-08,Canada,0.21185,4.08759124087591
2021-09,Canada,0.2215805,4.3827611395179
2021-10,Canada,0.2301405,4.65454545454546
2021-11,Canada,0.2593452,4.72040668119099
2021-12,Canada,0.2705824,4.80349344978166
2022-01,Canada,0.4571955,5.13748191027496
2022-02,Canada,0.6209837,5.68754499640029
2022-03,Canada,0.8757348,6.66189111747851
2022-04,Canada,1.34664,6.7712045616536
2022-05,Canada,1.781894,7.73049645390071
2022-06,Canada,2.247345,8.13295615275813
2022-07,Canada,3.030118,7.58959943780745
2022-08,Canada,3.382213,7.01262272089762
2022-09,Canada,3.791927,6.85794261721484
2022-10,Canada,4.230834,6.87977762334955
2022-11,Canada,4.378058,6.79611650485437
2022-12,Canada,4.553019,6.31944444444444
2023-01,Canada,4.762475,5.91878871300757
2023-02,Canada,4.688829,5.24523160762943
2023-03,Canada,4.776983,4.29818670248489
2023-04,Canada,4.799086,4.40587449933244
2023-05,Canada,4.78852,3.35747202106649
2023-06,Canada,5.021803,2.81229561805101
2023-07,Canada,5.219326,3.26583932070542
2023-08,Canada,5.227468,3.99737876802097
2023-09,Canada,5.2275,3.79829731499673
2023-10,Canada,5.320693,3.12093628088427
2023-11,Canada,5.23594,3.11688311688312
2023-12,Canada,5.188881,3.39647289353364
2024-01,Canada,5.167639,2.85899935022742
2024-02,Canada,5.09,2.7831715210356
2024-03,Canada,5.04,2.89761751448809
2014-01,Mexico,3.8,4.4828104560135
2014-02,Mexico,3.8,4.23443252101649
2014-03,Mexico,3.81,3.75863502388156
2014-04,Mexico,3.81,3.49671326575343
2014-05,Mexico,3.82,3.51022581200512
2014-06,Mexico,3.44,3.75259558898123
2014-07,Mexico,3.31,4.07241183255407
2014-08,Mexico,3.31,4.1499026023189
2014-09,Mexico,3.3,4.21758347564431
2014-10,Mexico,3.3,4.29775993332282
2014-11,Mexico,3.3,4.16786575753068
2014-12,Mexico,3.31,4.08131497100515
2015-01,Mexico,3.31,3.06564023140345
2015-02,Mexico,3.31,3.00027793136453
2015-03,Mexico,3.33,3.13706926675587
2015-04,Mexico,3.31,3.06232591309327
2015-05,Mexico,3.31,2.87664673265387
2015-06,Mexico,3.31,2.8707726593395
2015-07,Mexico,3.32,2.7390462175334
2015-08,Mexico,3.35,2.58731639864651
2015-09,Mexico,3.36,2.5188927470497
2015-10,Mexico,3.32,2.47972484603454
2015-11,Mexico,3.38,2.21485278764941
2015-12,Mexico,3.5,2.13080827416492
2016-01,Mexico,3.59,2.61310686131689
2016-02,Mexico,3.78,2.86724618099629
2016-03,Mexico,4.11,2.60101738306126
2016-04,Mexico,4.12,2.54157025595214
2016-05,Mexico,4.14,2.59666355323842
2016-06,Mexico,4.21,2.53798768061432
2016-07,Mexico,4.66,2.65483520214505
2016-08,Mexico,4.69,2.72743899990929
2016-09,Mexico,4.72,2.96894376246262
2016-10,Mexico,5.19,3.06361667372607
2016-11,Mexico,5.59,3.3053554319552
2016-12,Mexico,6.02,3.36027758883221
2017-01,Mexico,6.28,4.71828034651364
2017-02,Mexico,6.57,4.86423255286553
2017-03,Mexico,6.78,5.3525636747859
2017-04,Mexico,6.93,5.81718749633892
2017-05,Mexico,7.05,6.16400311928345
2017-06,Mexico,7.31,6.31365378386981
2017-07,Mexico,7.38,6.43816245578789
2017-08,Mexico,7.39,6.66349476162443
2017-09,Mexico,7.39,6.34784579605466
2017-10,Mexico,7.4,6.37153811925816
2017-11,Mexico,7.41,6.63452264889293
2017-12,Mexico,7.56,6.77305051998049
2018-01,Mexico,7.7,5.54583848447308
2018-02,Mexico,7.84,5.33921264673411
2018-03,Mexico,7.86,5.0354145039895
2018-04,Mexico,7.86,4.5507784038919
2018-05,Mexico,7.89,4.50627386567227
2018-06,Mexico,8.02,4.64685220574948
2018-07,Mexico,8.15,4.81140177044848
2018-08,Mexico,8.14,4.90452562833679
2018-09,Mexico,8.17,5.01957936597383
2018-10,Mexico,8.17,4.90363478064292
2018-11,Mexico,8.37,4.71652746839711
2018-12,Mexico,8.5,4.8305493845301
2019-01,Mexico,8.62,4.36560554683942
2019-02,Mexico,8.57,3.94028034502296
2019-03,Mexico,8.52,4.00417480131098
2019-04,Mexico,8.5,4.41345027499916
2019-05,Mexico,8.51,4.28199342829389
2019-06,Mexico,8.52,3.94715207202993
2019-07,Mexico,8.45,3.78133723554711
2019-08,Mexico,8.33,3.16244079130677
2019-09,Mexico,8.11,2.99751280755472
2019-10,Mexico,7.89,3.01951892744479
2019-11,Mexico,7.7,2.97449732656911
2019-12,Mexico,7.56,2.82857697534459
2020-01,Mexico,7.44,3.23835201924196
2020-02,Mexico,7.3,3.69619418116202
2020-03,Mexico,6.98,3.24906258456067
2020-04,Mexico,6.43,2.14814886362539
2020-05,Mexico,5.93,2.83727102767526
2020-06,Mexico,5.64,3.33401097784103
2020-07,Mexico,5.2,3.62340505560003
2020-08,Mexico,4.95,4.04842288029324
2020-09,Mexico,4.71,4.01377691404822
2020-10,Mexico,4.53,4.08696401060257
2020-11,Mexico,4.49,3.33187781216183
2020-12,Mexico,4.48,3.15007457473521
2021-01,Mexico,4.44,3.53509258128458
2021-02,Mexico,4.33,3.75903975151793
2021-03,Mexico,4.24,4.66687882588592
2021-04,Mexico,4.25,6.08481868469576
2021-05,Mexico,4.26,5.89382264840527
2021-06,Mexico,4.31,5.87860562285115
2021-07,Mexico,4.58,5.80581512229627
2021-08,Mexico,4.71,5.59207171794896
2021-09,Mexico,4.8,6.00014799193444
2021-10,Mexico,5.06,6.2395425377388
2021-11,Mexico,5.27,7.37488057617403
2021-12,Mexico,5.62,7.35510794263803
2022-01,Mexico,5.87,7.07013882587787
2022-02,Mexico,6.18,7.27997331097226
2022-03,Mexico,6.57,7.45367720703963
2022-04,Mexico,6.98,7.68250289687138
2022-05,Mexico,7.38,7.65262099822984
2022-06,Mexico,7.84,7.98633845936046
2022-07,Mexico,8.35,8.15080663605496
2022-08,Mexico,8.81,8.69542313804335
2022-09,Mexico,9.22,8.69974956588511
2022-10,Mexico,9.9,8.40681544811831
2022-11,Mexico,10.39,7.79661886999076
2022-12,Mexico,10.82,7.81702867664609
2023-01,Mexico,10.94,7.91003542312842
2023-02,Mexico,11.27,7.61886351602357
2023-03,Mexico,11.51,6.84925806639536
2023-04,Mexico,11.64,6.25284540059102
2023-05,Mexico,11.59,5.83530267224141
2023-06,Mexico,11.51,5.05555373471863
2023-07,Mexico,11.5,4.78576308683346
2023-08,Mexico,11.5,4.63801361840989
2023-09,Mexico,11.51,4.45448780213693
2023-10,Mexico,11.51,4.25700054280149
2023-11,Mexico,11.51,4.32391247410653
2023-12,Mexico,11.5,4.66088964088616
2024-01,Mexico,11.66,
2024-02,Mexico,11.65,
2024-03,Mexico,11.61,
2014-01,Australia,2.62,
2014-02,Australia,2.63,
2014-03,Australia,2.65,
2014-04,Australia,2.68,
2014-05,Australia,2.69,
2014-06,Australia,2.7,
2014-07,Australia,2.65,
2014-08,Australia,2.63,
2014-09,Australia,2.66,
2014-10,Australia,2.72,
2014-11,Australia,2.75,
2014-12,Australia,2.75,
2015-01,Australia,2.7,
2015-02,Australia,2.36,
2015-03,Australia,2.3,
2015-04,Australia,2.25,
2015-05,Australia,2.15,
2015-06,Australia,2.15,
2015-07,Australia,2.14,
2015-08,Australia,2.14,
2015-09,Australia,2.17,
2015-10,Australia,2.15,
2015-11,Australia,2.22,
2015-12,Australia,2.34,
2016-01,Australia,2.3,
2016-02,Australia,2.28,
2016-03,Australia,2.31,
2016-04,Australia,2.26,
2016-05,Australia,2.0,
2016-06,Australia,1.99,
2016-07,Australia,1.93,
2016-08,Australia,1.76,
2016-09,Australia,1.73,
2016-10,Australia,1.74,
2016-11,Australia,1.76,
2016-12,Australia,1.78,
2017-01,Australia,1.78,
2017-02,Australia,1.78,
2017-03,Australia,1.79,
2017-04,Australia,1.77,
2017-05,Australia,1.73,
2017-06,Australia,1.72,
2017-07,Australia,1.7,
2017-08,Australia,1.7,
2017-09,Australia,1.72,
2017-10,Australia,1.7,
2017-11,Australia,1.72,
2017-12,Australia,1.77,
2018-01,Australia,1.79,
2018-02,Australia,1.77,
2018-03,Australia,1.93,
2018-04,Australia,2.06,
2018-05,Australia,1.96,
2018-06,Australia,2.07,
2018-07,Australia,2.02,
2018-08,Australia,1.96,
2018-09,Australia,1.93,
2018-10,Australia,1.93,
2018-11,Australia,1.94,
2018-12,Australia,2.02,
2019-01,Australia,2.07,
2019-02,Australia,1.96,
2019-03,Australia,1.83,
2019-04,Australia,1.68,
2019-05,Australia,1.54,
2019-06,Australia,1.29,
2019-07,Australia,1.11,
2019-08,Australia,0.98,
2019-09,Australia,0.98,
2019-10,Australia,0.88,
2019-11,Australia,0.91,
2019-12,Australia,0.9,
2020-01,Australia,0.89,
2020-02,Australia,0.89,
2020-03,Australia,0.53,
2020-04,Australia,0.17,
2020-05,Australia,0.1,
2020-06,Australia,0.1,
2020-07,Australia,0.1,
2020-08,Australia,0.1,
2020-09,Australia,0.09,
2020-10,Australia,0.07,
2020-11,Australia,0.02,
2020-12,Australia,0.02,
2021-01,Australia,0.01,
2021-02,Australia,0.01,
2021-03,Australia,0.03,
2021-04,Australia,0.04,
2021-05,Australia,0.04,
2021-06,Australia,0.03,
2021-07,Australia,0.02,
2021-08,Australia,0.01,
2021-09,Australia,0.01,
2021-10,Australia,0.04,
2021-11,Australia,0.04,
2021-12,Australia,0.06,
2022-01,Australia,0.07,
2022-02,Australia,0.07,
2022-03,Australia,0.17,
2022-04,Australia,0.41,
2022-05,Australia,1.0,
2022-06,Australia,1.6,
2022-07,Australia,2.07,
2022-08,Australia,2.31,
2022-09,Australia,2.76,
2022-10,Australia,2.95,
2022-11,Australia,3.06,
2022-12,Australia,3.17,
2023-01,Australia,3.32,
2023-02,Australia,3.46,
2023-03,Australia,3.64,
2023-04,Australia,3.66,
2023-05,Australia,3.9,
2023-06,Australia,4.25,
2023-07,Australia,4.3,
2023-08,Australia,4.15,
2023-09,Australia,4.13,
2023-10,Australia,4.21,
2023-11,Australia,4.38,
2023-12,Australia,4.35,
2024-01,Australia,4.35,
2024-02,Australia,4.34,
2024-03,Australia,4.35,
2024-04,Australia,4.37,
2014-01,India,8.756,8.60420650095602
2014-02,India,9.0875,7.88224121557455
2014-03,India,9.1275,8.45204178537512
2014-04,India,8.8875,8.48256361922714
2014-05,India,8.766,8.32553788587465
2014-06,India,8.55,6.77035681610247
2014-07,India,8.57,7.38738738738739
2014-08,India,8.64,7.02846975088968
2014-09,India,8.58,5.62884784520668
2014-10,India,8.472,4.61672473867596
2014-11,India,8.29,3.26741186586414
2014-12,India,8.29,4.27947598253275
2015-01,India,8.302,5.19366197183099
2015-02,India,8.32,5.36971830985915
2015-03,India,8.28,5.25394045534151
2015-04,India,7.863333,4.86533449174631
2015-05,India,7.928,5.00863557858376
2015-06,India,7.69,5.39845758354756
2015-07,India,7.512,3.69127516778524
2015-08,India,7.3975,3.74064837905237
2015-09,India,7.4375,4.41298917568693
2015-10,India,7.076,4.99583680266445
2015-11,India,7.13,5.41215653621982
2015-12,India,7.1975,5.61139028475712
2016-01,India,5.8,5.69037656903766
2016-02,India,5.5125,5.26315789473684
2016-03,India,7.26,4.82529118136439
2016-04,India,6.91,5.46810273405137
2016-05,India,6.705,5.75657894736842
2016-06,India,6.8,5.77235772357724
2016-07,India,6.602,6.06796116504854
2016-08,India,6.56,5.04807692307692
2016-09,India,6.536,4.3859649122807
2016-10,India,6.37,4.203013481364
2016-11,India,6.1275,3.63349131121643
2016-12,India,6.114,3.40999206978588
2017-01,India,6.24,3.16706254948535
2017-02,India,6.16,3.65079365079365
2017-03,India,5.926,3.80952380952381
2017-04,India,6.035,2.98507462686567
2017-05,India,6.405,2.17729393468118
2017-06,India,6.278,1.53727901614143
2017-07,India,6.2,2.36460717009916
2017-08,India,6.14,3.27993897787948
2017-09,India,6.102,3.28495034377387
2017-10,India,6.09,3.57686453576865
2017-11,India,6.11,4.8780487804878
2017-12,India,6.166,5.21472392638037
2018-01,India,6.335,5.06523407521105
2018-02,India,6.38,4.44104134762634
2018-03,India,6.232,4.35779816513762
2018-04,India,6.13,4.5766590389016
2018-05,India,6.3025,4.87062404870624
2018-06,India,6.488,4.8448145344436
2018-07,India,6.5525,4.17287630402384
2018-08,India,6.762,3.69276218611521
2018-09,India,7.02,3.69822485207101
2018-10,India,6.99,3.30639235855988
2018-11,India,6.872,2.32558139534884
2018-12,India,6.6675,2.11370262390671
2019-01,India,6.6375,1.97224251278305
2019-02,India,6.48,2.56598240469208
2019-03,India,6.356,2.85714285714286
2019-04,India,6.3025,2.99051787016776
2019-05,India,6.37,3.04789550072569
2019-06,India,6.01,3.17689530685921
2019-07,India,5.83,3.14735336194564
2019-08,India,5.49,3.27635327635328
2019-09,India,5.35,3.99429386590585
2019-10,India,5.18,4.69416785206259
2019-11,India,5.03,5.53977272727273
2019-12,India,4.98,7.3518915060671
2020-01,India,5.08,7.59312320916905
2020-02,India,5.09,6.57612580414582
2020-03,India,4.98,5.84045584045584
2020-04,India,4.14,7.22379603399433
2020-05,India,3.42,6.26760563380282
2020-06,India,3.31,6.22813156053184
2020-07,India,3.22,6.72676837725381
2020-08,India,3.24,6.68965517241379
2020-09,India,3.28,7.27023319615912
2020-10,India,3.26,7.60869565217391
2020-11,India,3.06,6.93135935397039
2020-12,India,3.1,4.58776595744681
2021-01,India,3.21,4.0612516644474
2021-02,India,3.26,5.03018108651912
2021-03,India,3.27,5.51816958277254
2021-04,India,3.34,4.22721268163805
2021-05,India,3.37,6.29555997349238
2021-06,India,3.44,6.25823451910408
2021-07,India,3.42,5.58804418453541
2021-08,India,3.35,5.30058177117001
2021-09,India,3.31,4.34782608695652
2021-10,India,3.47,4.48232323232323
2021-11,India,3.52,4.90874764002517
2021-12,India,3.4,5.59440559440559
2022-01,India,3.63,6.01407549584133
2022-02,India,3.79,6.06641123882503
2022-03,India,3.78,6.9515306122449
2022-04,India,3.93,7.79467680608365
2022-05,India,4.7,7.04488778054863
2022-06,India,5.03,7.00557966522009
2022-07,India,5.31,6.70769230769231
2022-08,India,5.58,6.99815837937385
2022-09,India,5.81,7.41421568627451
2022-10,India,6.29,6.76737160120846
2022-11,India,6.46,5.87882423515297
2022-12,India,6.39,5.7796508127634
2023-01,India,6.41,6.51780325890163
2023-02,India,6.7,6.44190246839254
2023-03,India,6.88,5.66487775790101
2023-04,India,6.81,4.70311581422693
2023-05,India,6.87,4.25160163075131
2023-06,India,6.76,4.8667439165701
2023-07,India,6.72,7.43944636678201
2023-08,India,6.8,6.82730923694779
2023-09,India,6.84,5.01996577296064
2023-10,India,6.89,4.86700622524052
2023-11,India,6.93,5.55240793201133
2023-12,India,6.95,5.69151963574274
2024-01,India,6.96,5.09915014164306
2024-02,India,7.03,5.09049773755656
2024-03,India,6.9,4.85327313769752
2014-01,France,0.2920454,0.649087221095335
2014-02,France,0.2881,0.920307443365696
2014-03,France,0.3053333,0.612265381913078
2014-04,France,0.32975,0.723763570566948
2014-05,France,0.3245714,0.683142455294354
2014-06,France,0.2414286,0.481444332998997
2014-07,France,0.2050435,0.462776659959759
2014-08,France,0.1915714,0.440616863609053
2014-09,France,0.09709091,0.291076984843923
2014-10,France,0.08260869,0.452261306532663
2014-11,France,0.0809,0.321737381862055
2014-12,France,0.08090476,0.0601202404809619
2015-01,France,0.06266667,-0.382910116888352
2015-02,France,0.0482,-0.270568193205732
2015-03,France,0.02718182,-0.0698324022346369
2015-04,France,0.0047,0.0798403193612774
2015-05,France,-0.01036842,0.299341448812612
2015-06,France,-0.01390909,0.259532840886404
2015-07,France,-0.01873913,0.170238333667134
2015-08,France,-0.02766667,0.0498504486540379
2015-09,France,-0.03704545,0.0300240192153723
2015-10,France,-0.05359091,0.0600300150075037
2015-11,France,-0.08761905,0.0400881940268591
2015-12,France,-0.1263182,0.180252353294613
2016-01,France,-0.14615,0.22253692089824
2016-02,France,-0.1835714,-0.190916398713826
2016-03,France,-0.2285238,-0.149745432764301
2016-04,France,-0.2491905,-0.189469485440766
2016-05,France,-0.2571818,-0.0198965380023876
2016-06,France,-0.2679091,0.189167662285942
2016-07,France,-0.2945238,0.219934019794062
2016-08,France,-0.2982174,0.229197807673144
2016-09,France,-0.3016364,0.390195097548774
2016-10,France,-0.309,0.35996400359964
2016-11,France,-0.3126818,0.530955720296534
2016-12,France,-0.3157619,0.609756097560976
2017-01,France,-0.3255455,1.34234961647154
2017-02,France,-0.3286,1.20809423135004
2017-03,France,-0.3293478,1.1497700459908
2017-04,France,-0.3303889,1.16894794684784
2017-05,France,-0.3294545,0.805970149253731
2017-06,France,-0.33,0.685680214647719
2017-07,France,-0.3304286,0.718204488778055
2017-08,France,-0.329087,0.904752435871943
2017-09,France,-0.329381,0.986645405620889
2017-10,France,-0.3295455,1.05609245790575
2017-11,France,-0.329,1.17588440458396
2017-12,France,-0.3278947,1.19225037257824
2018-01,France,-0.3284546,1.33452843342297
2018-02,France,-0.3285,1.18372625087039
2018-03,France,-0.3279048,1.56172778491648
2018-04,France,-0.32845,1.63934426229508
2018-05,France,-0.3252273,2.02349225150528
2018-06,France,-0.3220476,2.02329253849191
2018-07,France,-0.3207273,2.28780825987917
2018-08,France,-0.319,2.25637993891024
2018-09,France,-0.31885,2.2007302871805
2018-10,France,-0.3176956,2.20841959972395
2018-11,France,-0.3163636,1.89106667979907
2018-12,France,-0.3118947,1.59057437407953
2019-01,France,-0.308,1.23832923832924
2019-02,France,-0.30845,1.31734172237515
2019-03,France,-0.3091905,1.10948905109489
2019-04,France,-0.31045,1.26311698406529
2019-05,France,-0.3118636,0.938467492260062
2019-06,France,-0.3289,1.17055238463771
2019-07,France,-0.3648696,1.06506584043377
2019-08,France,-0.4076818,1.04066294083638
2019-09,France,-0.4175714,0.907686365392043
2019-10,France,-0.4128696,0.762033375132632
2019-11,France,-0.4012857,1.03431609473175
2019-12,France,-0.3947,1.45936020102445
2020-01,France,-0.3911364,1.48529269003009
2020-02,France,-0.40885,1.42635358043858
2020-03,France,-0.4166364,0.673789585138127
2020-04,France,-0.25405,0.326232968720015
2020-05,France,-0.27195,0.364228889101888
2020-06,France,-0.376,0.200803212851406
2020-07,France,-0.4441304,0.776010730024909
2020-08,France,-0.4797143,0.219340072477589
2020-09,France,-0.4913636,0.0478468899521531
2020-10,France,-0.5091364,0.0478652115642351
2020-11,France,-0.5208572,0.200918484500574
2020-12,France,-0.5380909,-0.0190512478567346
2021-01,France,-0.54715,0.554811555385498
2021-02,France,-0.5411,0.564431263752033
2021-03,France,-0.5390869,1.10909264748064
2021-04,France,-0.53815,1.24330527926549
2021-05,France,-0.5400952,1.42297774806609
2021-06,France,-0.5429091,1.47914877373795
2021-07,France,-0.5448182,1.1502994581234
2021-08,France,-0.5475909,1.86506803692074
2021-09,France,-0.5450454,2.16164514586322
2021-10,France,-0.5498095,2.62175868337958
2021-11,France,-0.5673636,2.7785734746491
2021-12,France,-0.5819565,2.75342987804878
2022-01,France,-0.5601429,2.85388127853881
2022-02,France,-0.5315,3.63394216133942
2022-03,France,-0.4954348,4.4822695035461
2022-04,France,-0.4478947,4.82713017192518
2022-05,France,-0.3857273,5.19774011299435
2022-06,France,-0.2392273,5.83975926274215
2022-07,France,0.03661905,6.08082706766917
2022-08,France,0.3947391,5.91312470808034
2022-09,France,1.010864,5.55191461473645
2022-10,France,1.427667,6.2004662004662
2022-11,France,1.825227,6.15013006317354
2022-12,France,2.063476,5.85071859063514
2023-01,France,2.344864,5.99334073251942
2023-02,France,2.64035,6.27868551496236
2023-03,France,2.910565,5.70187347271246
2023-04,France,3.167,5.88447328106696
2023-05,France,3.366435,5.11994271392768
2023-06,France,3.535864,4.53131941359396
2023-07,France,3.671809,4.28811907504208
2023-08,France,3.780304,4.85976362674193
2023-09,France,3.880048,4.8962213943587
2023-10,France,3.967636,3.97717295873573
2023-11,France,3.971636,3.47453176964817
2023-12,France,3.933095,3.70532585844429
2024-01,France,3.925273,3.1326352530541
2024-02,France,3.923191,2.96251511487303
2024-03,France,3.922381,2.29471701344293
2014-01,Italy,0.2920454,0.65604220045154
2014-02,Italy,0.2881,0.468168526175041
2014-03,Italy,0.3053333,0.373828752292664
2014-04,Italy,0.32975,0.560728058344974
2014-05,Italy,0.3245714,0.46729347541284
2014-06,Italy,0.2414286,0.27956009359813
2014-07,Italy,0.2050435,0.0931166263975376
2014-08,Italy,0.1915714,-0.0928408811008475
2014-09,Italy,0.09709091,-0.18604
2014-10,Italy,0.08260869,0.0931833583198182
2014-11,Italy,0.0809,0.186919399511006
2014-12,Italy,0.08090476,0.0
2015-01,Italy,0.06266667,-0.558649711826913
2015-02,Italy,0.0482,-0.093203395597169
2015-03,Italy,0.02718182,-0.0930966077742123
2015-04,Italy,0.0047,-0.0929135903609643
2015-05,Italy,-0.01036842,0.093
2015-06,Italy,-0.01390909,0.185927087808338
2015-07,Italy,-0.01873913,0.186
2015-08,Italy,-0.02766667,0.185754496636257
2015-09,Italy,-0.03704545,0.186386753916987
2015-10,Italy,-0.05359091,0.279289823322637
2015-11,Italy,-0.08761905,0.0932903453668152
2015-12,Italy,-0.1263182,0.0932903453668152
2016-01,Italy,-0.14615,0.252806172673984
2016-02,Italy,-0.1835714,-0.321828125750532
2016-03,Italy,-0.2285238,-0.214358793098681
2016-04,Italy,-0.2491905,-0.5
2016-05,Italy,-0.2571818,-0.292727763180242
2016-06,Italy,-0.2679091,-0.378044876748994
2016-07,Italy,-0.2945238,-0.0858403369732298
2016-08,Italy,-0.2982174,-0.071832710484288
2016-09,Italy,-0.3016364,0.1
2016-10,Italy,-0.309,-0.185654682290939
2016-11,Italy,-0.3126818,0.0862003671630702
2016-12,Italy,-0.3157619,0.486945914178738
2017-01,Italy,-0.3255455,1.00401606425703
2017-02,Italy,-0.3286,1.60965794768612
2017-03,Italy,-0.3293478,1.40562248995984
2017-04,Italy,-0.3303889,1.90954773869347
2017-05,Italy,-0.3294545,1.40280561122244
2017-06,Italy,-0.33,1.2012012012012
2017-07,Italy,-0.3304286,1.0989010989011
2017-08,Italy,-0.329087,1.19641076769691
2017-09,Italy,-0.329381,1.0989010989011
2017-10,Italy,-0.3295455,1.0
2017-11,Italy,-0.329,0.900900900900901
2017-12,Italy,-0.3278947,0.897308075772682
2018-01,Italy,-0.3284546,0.894632206759443
2018-02,Italy,-0.3285,0.495049504950495
2018-03,Italy,-0.3279048,0.792079207920792
2018-04,Italy,-0.32845,0.493096646942801
2018-05,Italy,-0.3252273,0.988142292490119
2018-06,Italy,-0.3220476,1.28585558852621
2018-07,Italy,-0.3207273,1.48221343873518
2018-08,Italy,-0.319,1.57635467980296
2018-09,Italy,-0.31885,1.38339920948617
2018-10,Italy,-0.3176956,1.58415841584158
2018-11,Italy,-0.3163636,1.58730158730159
2018-12,Italy,-0.3118947,1.08695652173913
2019-01,Italy,-0.308,0.886699507389163
2019-02,Italy,-0.30845,0.985221674876847
2019-03,Italy,-0.3091905,0.982318271119843
2019-04,Italy,-0.31045,1.07948969578018
2019-05,Italy,-0.3118636,0.782778864970646
2019-06,Italy,-0.3289,0.68359375
2019-07,Italy,-0.3648696,0.389483933787731
2019-08,Italy,-0.4076818,0.387972841901067
2019-09,Italy,-0.4175714,0.292397660818713
2019-10,Italy,-0.4128696,0.194931773879142
2019-11,Italy,-0.4012857,0.1953125
2019-12,Italy,-0.3947,0.488758553274682
2020-01,Italy,-0.3911364,0.48828125
2020-02,Italy,-0.40885,0.292682926829268
2020-03,Italy,-0.4166364,0.0972762645914397
2020-04,Italy,-0.25405,0.0
2020-05,Italy,-0.27195,-0.194174757281553
2020-06,Italy,-0.376,-0.193986420950534
2020-07,Italy,-0.4441304,-0.387972841901067
2020-08,Italy,-0.4797143,-0.483091787439614
2020-09,Italy,-0.4913636,-0.583090379008746
2020-10,Italy,-0.5091364,-0.291828793774319
2020-11,Italy,-0.5208572,-0.194931773879142
2020-12,Italy,-0.5380909,-0.194552529182879
2021-01,Italy,-0.54715,0.388726919339164
2021-02,Italy,-0.5411,0.583657587548638
2021-03,Italy,-0.5390869,0.777453838678329
2021-04,Italy,-0.53815,1.06796116504854
2021-05,Italy,-0.5400952,1.26459143968872
2021-06,Italy,-0.5429091,1.26336248785228
2021-07,Italy,-0.5448182,1.94741966893866
2021-08,Italy,-0.5475909,2.03883495145631
2021-09,Italy,-0.5450454,2.54154447702835
2021-10,Italy,-0.5498095,3.02439024390244
2021-11,Italy,-0.5673636,3.7109375
2021-12,Italy,-0.5819565,3.89863547758285
2022-01,Italy,-0.5601429,4.84027105517909
2022-02,Italy,-0.5315,5.70599613152805
2022-03,Italy,-0.4954348,6.46094503375121
2022-04,Italy,-0.4478947,5.95581171950048
2022-05,Italy,-0.3857273,6.82036503362152
2022-06,Italy,-0.2392273,7.96545105566219
2022-07,Italy,0.03661905,7.92741165234002
2022-08,Italy,0.3947391,8.37297811607992
2022-09,Italy,1.010864,8.86558627264061
2022-10,Italy,1.427667,11.8371212121212
2022-11,Italy,1.825227,11.7702448210923
2022-12,Italy,2.063476,11.6322701688555
2023-01,Italy,2.344864,9.97229916897507
2023-02,Italy,2.64035,9.14913083257091
2023-03,Italy,2.910565,7.60869565217391
2023-04,Italy,3.167,8.15956482320943
2023-05,Italy,3.366435,7.64388489208633
2023-06,Italy,3.535864,6.4
2023-07,Italy,3.671809,5.92920353982301
2023-08,Italy,3.780304,5.44337137840211
2023-09,Italy,3.880048,5.3415061295972
2023-10,Italy,3.967636,1.69348010160881
2023-11,Italy,3.971636,0.67396798652064
2023-12,Italy,3.933095,0.588235294117647
2024-01,Italy,3.925273,0.839630562552477
2024-02,Italy,3.923191,0.754400670578374
2024-03,Italy,3.922381,1.17845117845118
2014-01,South Africa,5.226,5.70987654320988
2014-02,South Africa,5.562083,5.81039755351682
2014-03,South Africa,5.7264,5.89123867069486
2014-04,South Africa,5.732273,6.33484162895928
2014-05,South Africa,5.7352,6.797583081571
2014-06,South Africa,5.792917,6.77710843373494
2014-07,South Africa,6.03,6.55737704918033
2014-08,South Africa,6.0056,6.53789004457652
2014-09,South Africa,5.9996,6.06508875739645
2014-10,South Africa,5.896297,5.89970501474926
2014-11,South Africa,5.829131,5.74374079528719
2014-12,South Africa,6.0416,5.44117647058823
2015-01,South Africa,6.007619,4.52554744525547
2015-02,South Africa,5.884286,4.1907514450867
2015-03,South Africa,5.796154,4.13694721825963
2015-04,South Africa,5.794286,4.53900709219858
2015-05,South Africa,5.723043,4.38472418670438
2015-06,South Africa,5.7628,4.65444287729196
2015-07,South Africa,6.034616,4.61538461538461
2015-08,South Africa,6.1632,4.46304044630404
2015-09,South Africa,6.23875,4.46304044630404
2015-10,South Africa,6.154231,4.59610027855153
2015-11,South Africa,6.3312,4.73537604456824
2015-12,South Africa,6.73625,5.16039051603905
2016-01,South Africa,6.859231,6.14525139664805
2016-02,South Africa,6.9316,6.93481276005548
2016-03,South Africa,7.040833,6.43835616438356
2016-04,South Africa,7.1784,6.51289009497965
2016-05,South Africa,7.158,6.50406504065041
2016-06,South Africa,7.1956,6.46900269541779
2016-07,South Africa,7.350769,6.55080213903743
2016-08,South Africa,7.2964,6.27503337783712
2016-09,South Africa,7.292308,6.40854472630174
2016-10,South Africa,7.346539,6.6577896138482
2016-11,South Africa,7.477692,6.91489361702128
2016-12,South Africa,7.609583,7.02917771883289
2017-01,South Africa,7.4632,6.84210526315789
2017-02,South Africa,7.264167,6.48508430609598
2017-03,South Africa,7.23,6.17760617760618
2017-04,South Africa,7.411818,5.22292993630573
2017-05,South Africa,7.433846,5.34351145038168
2017-06,South Africa,7.342273,5.06329113924051
2017-07,South Africa,7.326364,4.26599749058971
2017-08,South Africa,7.173043,4.52261306532663
2017-09,South Africa,7.097273,4.89335006273526
2017-10,South Africa,7.254583,4.74406991260924
2017-11,South Africa,7.45,4.35323383084577
2017-12,South Africa,7.535789,4.46096654275093
2018-01,South Africa,7.320909,4.31034482758621
2018-02,South Africa,7.1185,3.77588306942753
2018-03,South Africa,7.0625,3.75757575757576
2018-04,South Africa,6.978947,4.23728813559322
2018-05,South Africa,7.005909,4.34782608695652
2018-06,South Africa,7.034286,4.33734939759036
2018-07,South Africa,7.068182,5.05415162454874
2018-08,South Africa,7.123636,4.80769230769231
2018-09,South Africa,7.14421,4.90430622009569
2018-10,South Africa,7.193913,5.00595947556615
2018-11,South Africa,7.320435,5.12514898688915
2018-12,South Africa,7.493889,4.50771055753262
2019-01,South Africa,7.51,3.8961038961039
2019-02,South Africa,7.25,4.10798122065728
2019-03,South Africa,7.043,4.4392523364486
2019-04,South Africa,7.1035,4.41347270615563
2019-05,South Africa,7.172857,4.39814814814815
2019-06,South Africa,7.106316,4.50346420323326
2019-07,South Africa,7.035217,4.00916380297824
2019-08,South Africa,6.99381,4.35779816513762
2019-09,South Africa,6.8575,4.10490307867731
2019-10,South Africa,6.811739,3.6322360953462
2019-11,South Africa,7.000476,3.6281179138322
2019-12,South Africa,7.126667,3.9727582292849
2020-01,South Africa,6.858077,4.31818181818182
2020-02,South Africa,6.334,4.50958286358512
2020-03,South Africa,6.0904,4.13870246085011
2020-04,South Africa,5.098261,2.89210233592881
2020-05,South Africa,4.158,1.99556541019956
2020-06,South Africa,4.1012,2.09944751381216
2020-07,South Africa,3.945926,3.19383259911894
2020-08,South Africa,3.6924,3.07692307692308
2020-09,South Africa,3.4464,2.84775465498357
2020-10,South Africa,3.470741,3.28587075575027
2020-11,South Africa,3.5916,3.17286652078775
2020-12,South Africa,3.760417,3.05676855895197
2021-01,South Africa,3.8108,3.26797385620915
2021-02,South Africa,3.77,2.9126213592233
2021-03,South Africa,3.8156,3.11493018259936
2021-04,South Africa,3.774737,4.54054054054054
2021-05,South Africa,3.605238,5.21739130434783
2021-06,South Africa,3.757619,5.08658008658009
2021-07,South Africa,3.873636,4.69583778014941
2021-08,South Africa,3.725238,5.01066098081024
2021-09,South Africa,3.83619,5.11182108626198
2021-10,South Africa,3.756667,4.98409331919406
2021-11,South Africa,3.809048,5.40827147401909
2021-12,South Africa,3.870952,5.93220338983051
2022-01,South Africa,3.869524,5.69620253164557
2022-02,South Africa,2.977,5.66037735849057
2022-03,South Africa,4.221818,6.14583333333333
2022-04,South Africa,4.301667,5.99793174767322
2022-05,South Africa,4.458095,6.61157024793388
2022-06,South Africa,5.125238,7.41503604531411
2022-07,South Africa,5.38619,8.05300713557594
2022-08,South Africa,5.737727,7.91878172588832
2022-09,South Africa,5.777727,7.80141843971631
2022-10,South Africa,6.122,7.77777777777778
2022-11,South Africa,6.182727,7.74647887323944
2022-12,South Africa,6.605263,7.5
2023-01,South Africa,6.468095,7.18562874251497
2023-02,South Africa,6.5815,7.34126984126984
2023-03,South Africa,7.092273,7.26202158979392
2023-04,South Africa,7.718823,7.1219512195122
2023-05,South Africa,8.043181,6.5891472868217
2023-06,South Africa,8.485714,5.65675934803452
2023-07,South Africa,8.567619,4.81132075471698
2023-08,South Africa,8.437273,4.79774223894638
2023-09,South Africa,8.3245,5.45112781954887
2023-10,South Africa,8.551818,6.09184629803187
2023-11,South Africa,8.513637,5.60224089635854
2023-12,South Africa,8.447222,5.20930232558139
2024-01,South Africa,8.476818,
2024-02,South Africa,8.46,
2024-03,South Africa,8.445789,
2014-01,Japan,0.22,1.38004246284501
2014-02,Japan,0.212,1.59574468085106
2014-03,Japan,0.212,1.59235668789809
2014-04,Japan,0.212,3.38624338624339
2014-05,Japan,0.21,3.69978858350951
2014-06,Japan,0.21,3.59408033826639
2014-07,Japan,0.21,3.48101265822785
2014-08,Japan,0.21,3.36487907465825
2014-09,Japan,0.21,3.24947589098532
2014-10,Japan,0.192,2.82722513089005
2014-11,Japan,0.182,2.5130890052356
2014-12,Japan,0.179,2.40585774058577
2015-01,Japan,0.173,2.40837696335078
2015-02,Japan,0.171,2.19895287958115
2015-03,Japan,0.17,2.29885057471264
2015-04,Japan,0.17,0.716479017400205
2015-05,Japan,0.169,0.611620795107034
2015-06,Japan,0.169,0.408163265306122
2015-07,Japan,0.169,0.203873598369011
2015-08,Japan,0.169,0.101729399796541
2015-09,Japan,0.169,0.0
2015-10,Japan,0.169,0.305498981670061
2015-11,Japan,0.169,0.204290091930541
2015-12,Japan,0.169,0.204290091930541
2016-01,Japan,0.169,-0.102249488752556
2016-02,Japan,0.098,0.204918032786885
2016-03,Japan,0.098,0.0
2016-04,Japan,0.06,-0.304878048780488
2016-05,Japan,0.06,-0.506585612968592
2016-06,Japan,0.059,-0.304878048780488
2016-07,Japan,0.058,-0.406917599186165
2016-08,Japan,0.058,-0.508130081300813
2016-09,Japan,0.056,-0.50761421319797
2016-10,Japan,0.056,0.101522842639594
2016-11,Japan,0.056,0.509683995922528
2016-12,Japan,0.056,0.305810397553517
2017-01,Japan,0.056,0.511770726714432
2017-02,Japan,0.056,0.306748466257669
2017-03,Japan,0.056,0.204290091930541
2017-04,Japan,0.056,0.407747196738022
2017-05,Japan,0.056,0.407331975560081
2017-06,Japan,0.056,0.407747196738022
2017-07,Japan,0.075,0.408580183861083
2017-08,Japan,0.056,0.612870275791624
2017-09,Japan,0.056,0.816326530612245
2017-10,Japan,0.063,0.202839756592292
2017-11,Japan,0.063,0.50709939148073
2017-12,Japan,0.063,1.01626016260163
2018-01,Japan,0.068,1.32382892057026
2018-02,Japan,0.068,1.42711518858308
2018-03,Japan,0.097,1.12130479102956
2018-04,Japan,0.097,0.609137055837564
2018-05,Japan,0.078,0.709939148073022
2018-06,Japan,0.078,0.710659898477157
2018-07,Japan,0.091,0.915564598168871
2018-08,Japan,0.091,1.31979695431472
2018-09,Japan,0.05,1.11336032388664
2018-10,Japan,0.05,1.417004048583
2018-11,Japan,0.05,0.908173562058527
2018-12,Japan,0.05,0.301810865191147
2019-01,Japan,0.03,0.201005025125628
2019-02,Japan,0.03,0.201005025125628
2019-03,Japan,0.05,0.504032258064516
2019-04,Japan,0.05,0.908173562058527
2019-05,Japan,0.049,0.704934541792548
2019-06,Japan,0.049,0.604838709677419
2019-07,Japan,0.049,0.604838709677419
2019-08,Japan,0.009,0.200400801603206
2019-09,Japan,0.009,0.2002002002002
2019-10,Japan,0.009,0.199600798403194
2019-11,Japan,0.018,0.5
2019-12,Japan,0.021,0.802407221664995
2020-01,Japan,0.021,0.802407221664995
2020-02,Japan,0.021,0.601805416248746
2020-03,Japan,0.006,0.601805416248746
2020-04,Japan,-0.039,0.2
2020-05,Japan,-0.042,0.1
2020-06,Japan,-0.042,0.100200400801603
2020-07,Japan,-0.065,0.200400801603206
2020-08,Japan,-0.065,0.1
2020-09,Japan,-0.055,-0.1998001998002
2020-10,Japan,-0.055,-0.597609561752988
2020-11,Japan,-0.055,-0.99502487562189
2020-12,Japan,-0.055,-1.19402985074627
2021-01,Japan,-0.055,-0.696517412935323
2021-02,Japan,-0.055,-0.498504486540379
2021-03,Japan,-0.065,-0.398803589232303
2021-04,Japan,-0.065,-1.09780439121757
2021-05,Japan,-0.065,-0.699300699300699
2021-06,Japan,-0.072,-0.4004004004004
2021-07,Japan,-0.072,-0.3
2021-08,Japan,-0.072,-0.3996003996004
2021-09,Japan,-0.072,0.2002002002002
2021-10,Japan,-0.072,0.100200400801603
2021-11,Japan,-0.072,0.603015075376884
2021-12,Japan,-0.049,0.80563947633434
2022-01,Japan,-0.049,0.501002004008016
2022-02,Japan,-0.049,0.901803607214429
2022-03,Japan,-0.049,1.2012012012012
2022-04,Japan,-0.049,2.4217961654894
2022-05,Japan,-0.049,2.41448692152917
2022-06,Japan,0.005,2.31155778894472
2022-07,Japan,-0.031,2.60782347041123
2022-08,Japan,-0.02,3.00902708124373
2022-09,Japan,-0.016,2.997002997003
2022-10,Japan,-0.016,3.8038038038038
2022-11,Japan,-0.016,3.7962037962038
2022-12,Japan,-0.015,3.996003996004
2023-01,Japan,-0.006,4.38683948155533
2023-02,Japan,0.001,3.27706057596822
2023-03,Japan,-0.008,3.26409495548961
2023-04,Japan,-0.001,3.54679802955665
2023-05,Japan,-0.019,3.24165029469548
2023-06,Japan,-0.003,3.33988212180747
2023-07,Japan,-0.003,3.32355816226784
2023-08,Japan,-0.003,3.11587147030185
2023-09,Japan,0.024,3.00678952473327
2023-10,Japan,-0.012,3.27868852459016
2023-11,Japan,0.024,2.8873917228104
2023-12,Japan,0.052,2.59365994236311
2024-01,Japan,0.025,2.10124164278892
2024-02,Japan,0.027,2.78846153846154
2014-01,Korea,2.65,1.08057976015874
2014-02,Korea,2.65,1.01248952041101
2014-03,Korea,2.65,1.29206472157673
2014-04,Korea,2.65,1.49855100567747
2014-05,Korea,2.65,1.66553548150782
2014-06,Korea,2.65,1.65893646855787
2014-07,Korea,2.65,1.5897275829037
2014-08,Korea,2.52,1.40822411463137
2014-09,Korea,2.35,1.14644772476691
2014-10,Korea,2.21,1.14995597740889
2014-11,Korea,2.14,0.965462433953349
2014-12,Korea,2.13,0.833431657531455
2015-01,Korea,2.13,0.9740744692201
2015-02,Korea,2.12,0.645882102575016
2015-03,Korea,1.95,0.470510764394124
2015-04,Korea,1.81,0.436240898380283
2015-05,Korea,1.8,0.552088079771959
2015-06,Korea,1.7,0.701341142517613
2015-07,Korea,1.65,0.735278537071176
2015-08,Korea,1.64,0.700151241129126
2015-09,Korea,1.6,0.50375701132395
2015-10,Korea,1.58,0.807812748792527
2015-11,Korea,1.59,0.820081901824177
2015-12,Korea,1.67,1.1318426483416
2016-01,Korea,1.67,0.622338683262365
2016-02,Korea,1.64,1.11326080751055
2016-03,Korea,1.63,0.842530339549241
2016-04,Korea,1.61,1.00184940554822
2016-05,Korea,1.58,0.779850353040363
2016-06,Korea,1.43,0.739655880896438
2016-07,Korea,1.36,0.36916281026504
2016-08,Korea,1.35,0.487328411036308
2016-09,Korea,1.34,1.34890381820862
2016-10,Korea,1.35,1.48790093296548
2016-11,Korea,1.42,1.53081678728926
2016-12,Korea,1.54,1.33796150205112
2017-01,Korea,1.5,2.24084341397849
2017-02,Korea,1.49,2.08281053952321
2017-03,Korea,1.48,2.27689662763515
2017-04,Korea,1.43,1.95557322674814
2017-05,Korea,1.39,2.00355536965387
2017-06,Korea,1.38,1.80627752036899
2017-07,Korea,1.39,2.16701071978707
2017-08,Korea,1.39,2.48858137274371
2017-09,Korea,1.38,2.00006233960539
2017-10,Korea,1.38,1.76179458180724
2017-11,Korea,1.45,1.15340253748558
2017-12,Korea,1.66,1.40748583172448
2018-01,Korea,1.66,0.760018897767188
2018-02,Korea,1.65,1.25266306129138
2018-03,Korea,1.65,1.21559985650592
2018-04,Korea,1.65,1.52808850393054
2018-05,Korea,1.65,1.46905049925163
2018-06,Korea,1.65,1.48040847356634
2018-07,Korea,1.65,1.11898583575216
2018-08,Korea,1.65,1.43180566603439
2018-09,Korea,1.65,2.08715315976042
2018-10,Korea,1.68,2.00250823332688
2018-11,Korea,1.71,2.03704274399827
2018-12,Korea,1.91,1.32039550451391
2019-01,Korea,1.87,0.793019794915703
2019-02,Korea,1.87,0.46128167518082
2019-03,Korea,1.9,0.37467975007848
2019-04,Korea,1.86,0.555943031001405
2019-05,Korea,1.84,0.67994220996373
2019-06,Korea,1.8,0.720800979965377
2019-07,Korea,1.68,0.605538087027082
2019-08,Korea,1.49,-0.0372001367356377
2019-09,Korea,1.54,-0.426058410911885
2019-10,Korea,1.46,0.0
2019-11,Korea,1.52,0.152018524111547
2019-12,Korea,1.53,0.738473350305088
2020-01,Korea,1.47,1.21961085716597
2020-02,Korea,1.42,0.854890193432752
2020-03,Korea,1.23,0.826262850455504
2020-04,Korea,1.1,0.0190991244559263
2020-05,Korea,1.02,-0.21274033637057
2020-06,Korea,0.79,0.22012041290167
2020-07,Korea,0.79,0.446631110931876
2020-08,Korea,0.68,0.769424189087252
2020-09,Korea,0.63,0.947952782732429
2020-10,Korea,0.63,0.138943033356324
2020-11,Korea,0.66,0.612177199666268
2020-12,Korea,0.66,0.612721748112195
2021-01,Korea,0.68,0.949145768808073
2021-02,Korea,0.73,1.41773162939297
2021-03,Korea,0.75,1.90114068441065
2021-04,Korea,0.74,2.49246231155779
2021-05,Korea,0.68,2.62469831053902
2021-06,Korea,0.66,2.34680573663625
2021-07,Korea,0.69,2.63976713841212
2021-08,Korea,0.77,2.55514522407426
2021-09,Korea,0.98,2.41215008933889
2021-10,Korea,1.08,3.16430425234578
2021-11,Korea,1.17,3.77660105904686
2021-12,Korea,1.27,3.69779726901226
2022-01,Korea,1.39,3.770783847981
2022-02,Korea,1.5,3.78027170702894
2022-03,Korea,1.5,4.18303220738413
2022-04,Korea,1.64,4.7558344773485
2022-05,Korea,1.77,5.34051935325821
2022-06,Korea,1.99,6.03625673689368
2022-07,Korea,2.41,6.32700958341483
2022-08,Korea,2.79,5.72262773722628
2022-09,Korea,3.01,5.47639817776485
2022-10,Korea,3.69,5.62167392356072
2022-11,Korea,3.99,5.00625782227785
2022-12,Korea,4.02,5.01730103806228
2023-01,Korea,3.8,4.97854077253219
2023-02,Korea,3.52,4.65756023524948
2023-03,Korea,3.61,4.16588124410933
2023-04,Korea,3.5,3.68810259290461
2023-05,Korea,3.64,3.37674418604651
2023-06,Korea,3.75,2.72618057480824
2023-07,Korea,3.75,2.35445599190656
2023-08,Korea,3.7,3.36002945779251
2023-09,Korea,3.76,3.68498437787171
2023-10,Korea,3.82,3.75595456211066
2023-11,Korea,3.83,3.30063262125241
2023-12,Korea,3.83,3.15760571114772
2024-01,Korea,3.74,2.79821931498138
2024-02,Korea,3.69,3.11791897036164
2024-03,Korea,3.65,3.09446254071661
2014-01,United Kingdom,0.52093,1.75257731958763
2014-02,United Kingdom,0.52153,1.64102564102564
2014-03,United Kingdom,0.52157,1.53374233128834
2014-04,United Kingdom,0.52665,1.63265306122449
2014-05,United Kingdom,0.52744,1.42566191446028
2014-06,United Kingdom,0.54394,1.83673469387755
2014-07,United Kingdom,0.55641,1.63265306122449
2014-08,United Kingdom,0.56119,1.52439024390244
2014-09,United Kingdom,0.56291,1.31712259371834
2014-10,United Kingdom,0.55836,1.31578947368421
2014-11,United Kingdom,0.55628,1.11336032388664
2014-12,United Kingdom,0.55818,0.705645161290323
2015-01,United Kingdom,0.5626,0.506585612968592
2015-02,United Kingdom,0.56363,0.403632694248234
2015-03,United Kingdom,0.56436,0.302114803625378
2015-04,United Kingdom,0.5695,0.301204819277108
2015-05,United Kingdom,0.56798,0.502008032128514
2015-06,United Kingdom,0.57188,0.30060120240481
2015-07,United Kingdom,0.58084,0.401606425702811
2015-08,United Kingdom,0.5867,0.4004004004004
2015-09,United Kingdom,0.58576,0.2
2015-10,United Kingdom,0.58006,0.1998001998002
2015-11,United Kingdom,0.57371,0.4004004004004
2015-12,United Kingdom,0.58277,0.500500500500501
2016-01,United Kingdom,0.58976,0.705645161290323
2016-02,United Kingdom,0.59073,0.603015075376884
2016-03,United Kingdom,0.58825,0.803212851405622
2016-04,United Kingdom,0.5889,0.700700700700701
2016-05,United Kingdom,0.58929,0.699300699300699
2016-06,United Kingdom,0.57468,0.899100899100899
2016-07,United Kingdom,0.5136,0.9
2016-08,United Kingdom,0.40613,0.897308075772682
2016-09,United Kingdom,0.37907,1.29740518962076
2016-10,United Kingdom,0.3975,1.29611166500499
2016-11,United Kingdom,0.39773,1.49551345962114
2016-12,United Kingdom,0.37226,1.79282868525896
2017-01,United Kingdom,0.3621,1.9019019019019
2017-02,United Kingdom,0.35674,2.2977022977023
2017-03,United Kingdom,0.34567,2.29083665338645
2017-04,United Kingdom,0.33513,2.5844930417495
2017-05,United Kingdom,0.31081,2.67857142857143
2017-06,United Kingdom,0.29442,2.47524752475247
2017-07,United Kingdom,0.2931,2.57680872150644
2017-08,United Kingdom,0.28119,2.76679841897233
2017-09,United Kingdom,0.30911,2.75862068965517
2017-10,United Kingdom,0.38187,2.75590551181102
2017-11,United Kingdom,0.51857,2.84872298624754
2017-12,United Kingdom,0.51871,2.73972602739726
2018-01,United Kingdom,0.5225,2.65225933202358
2018-02,United Kingdom,0.54683,2.44140625
2018-03,United Kingdom,0.62842,2.33690360272639
2018-04,United Kingdom,0.75629,2.22868217054264
2018-05,United Kingdom,0.64355,2.31884057971015
2018-06,United Kingdom,0.63868,2.31884057971015
2018-07,United Kingdom,0.74619,2.31884057971015
2018-08,United Kingdom,0.80519,2.40384615384615
2018-09,United Kingdom,0.80093,2.20517737296261
2018-10,United Kingdom,0.80618,2.20306513409962
2018-11,United Kingdom,0.87483,2.10124164278892
2018-12,United Kingdom,0.90444,2.0
2019-01,United Kingdom,0.91822,1.81818181818182
2019-02,United Kingdom,0.87598,1.81124880838894
2019-03,United Kingdom,0.84,1.80780209324453
2019-04,United Kingdom,0.82,1.99052132701422
2019-05,United Kingdom,0.8,1.88857412653447
2019-06,United Kingdom,0.78,1.88857412653447
2019-07,United Kingdom,0.77,1.98300283286119
2019-08,United Kingdom,0.76,1.69014084507042
2019-09,United Kingdom,0.77,1.68855534709193
2019-10,United Kingdom,0.78,1.49953139643861
2019-11,United Kingdom,0.79,1.49672591206735
2019-12,United Kingdom,0.79,1.30718954248366
2020-01,United Kingdom,0.74,1.78571428571429
2020-02,United Kingdom,0.75,1.68539325842697
2020-03,United Kingdom,0.53,1.49532710280374
2020-04,United Kingdom,0.65,0.929368029739777
2020-05,United Kingdom,0.33,0.648748841519926
2020-06,United Kingdom,0.19,0.834105653382762
2020-07,United Kingdom,0.1,1.11111111111111
2020-08,United Kingdom,0.07,0.461680517082179
2020-09,United Kingdom,0.06,0.738007380073801
2020-10,United Kingdom,0.05,0.831024930747922
2020-11,United Kingdom,0.04,0.552995391705069
2020-12,United Kingdom,0.03,0.829493087557604
2021-01,United Kingdom,0.03,0.923361034164358
2021-02,United Kingdom,0.05,0.736648250460405
2021-03,United Kingdom,0.08,1.01289134438306
2021-04,United Kingdom,0.09,1.65745856353591
2021-05,United Kingdom,0.08,2.20994475138122
2021-06,United Kingdom,0.08,2.38970588235294
2021-07,United Kingdom,0.08,2.01465201465202
2021-08,United Kingdom,0.07,3.03308823529412
2021-09,United Kingdom,0.07,2.93040293040293
2021-10,United Kingdom,0.16,3.84615384615385
2021-11,United Kingdom,0.13,4.58295142071494
2021-12,United Kingdom,0.16,4.84460694698355
2022-01,United Kingdom,0.53,4.84903934126258
2022-02,United Kingdom,0.81,5.48446069469836
2022-03,United Kingdom,0.99,6.19872379216044
2022-04,United Kingdom,1.13,7.78985507246377
2022-05,United Kingdom,1.31,7.83783783783784
2022-06,United Kingdom,1.57,8.16876122082585
2022-07,United Kingdom,1.84,8.79712746858169
2022-08,United Kingdom,2.23,8.65298840321142
2022-09,United Kingdom,2.91,8.80782918149466
2022-10,United Kingdom,3.39,9.61199294532628
2022-11,United Kingdom,3.52,9.37773882559159
2022-12,United Kingdom,3.78,9.24149956408021
2023-01,United Kingdom,4.01,8.90052356020942
2023-02,United Kingdom,4.21,9.18544194107452
2023-03,United Kingdom,4.33,8.8412017167382
2023-04,United Kingdom,4.52,7.81512605042017
2023-05,United Kingdom,4.73,7.85296574770259
2023-06,United Kingdom,5.09,7.38589211618257
2023-07,United Kingdom,5.49,6.43564356435644
2023-08,United Kingdom,5.53,6.23973727422003
2023-09,United Kingdom,5.52,6.37775960752249
2023-10,United Kingdom,5.4,4.74658085277554
2023-11,United Kingdom,5.36,4.16666666666667
2023-12,United Kingdom,5.34,4.15003990422985
2024-01,United Kingdom,5.32,4.16666666666667
2024-02,United Kingdom,5.33,3.80952380952381
2024-03,United Kingdom,5.32,3.78548895899054
2024-04,United Kingdom,5.3,
2014-01,Russia,7.235,6.049527843789
2014-02,Russia,7.386,6.19715092633105
2014-03,Russia,8.9,6.91693567488352
2014-04,Russia,8.46,7.3317428793878
2014-05,Russia,9.24,7.58768109288152
2014-06,Russia,8.68,7.80192731304749
2014-07,Russia,8.73,7.44914500862834
2014-08,Russia,8.73,7.55638527202498
2014-09,Russia,9.0,8.02868358250031
2014-10,Russia,9.23,8.29722465105734
2014-11,Russia,10.77,9.07254542190217
2014-12,Russia,16.87,11.3623638369095
2015-01,Russia,21.91,14.971447956126
2015-02,Russia,17.48,16.7069044186666
2015-03,Russia,15.81,16.9263996067214
2015-04,Russia,15.25,16.4165301874453
2015-05,Russia,13.48,15.7819223044771
2015-06,Russia,13.46,15.2871673899438
2015-07,Russia,13.35,15.6427180922253
2015-08,Russia,13.89,15.7696579264389
2015-09,Russia,12.52,15.6776939983298
2015-10,Russia,13.84,15.5858359922371
2015-11,Russia,13.29,14.9810483737032
2015-12,Russia,12.8,12.9081610633982
2016-01,Russia,12.68,9.76613553957134
2016-02,Russia,12.75,8.0587490352932
2016-03,Russia,12.34,7.25797435219373
2016-04,Russia,12.15,7.23660272190627
2016-05,Russia,12.67,7.30068308387867
2016-06,Russia,11.72,7.48277135162617
2016-07,Russia,10.79,7.20559882373674
2016-08,Russia,11.46,6.84234219770902
2016-09,Russia,10.7,6.41737849971005
2016-10,Russia,11.09,6.08992663603961
2016-11,Russia,10.43,5.76347656162232
2016-12,Russia,10.45,5.37517272221681
2017-01,Russia,10.32,5.02023300292089
2017-02,Russia,10.82,4.59238348327127
2017-03,Russia,10.58,4.248779887985
2017-04,Russia,10.51,4.13465195419214
2017-05,Russia,8.17,4.09319988884439
2017-06,Russia,8.75,4.35244855294559
2017-07,Russia,8.72,3.86462347737601
2017-08,Russia,8.79,3.29342712926789
2017-09,Russia,8.67,2.96345595501518
2017-10,Russia,8.28,2.72763574622702
2017-11,Russia,8.32,2.50263732608518
2017-12,Russia,7.52,2.52307610459395
2018-01,Russia,7.2,2.20723202553315
2018-02,Russia,7.07,2.196990543816
2018-03,Russia,7.07,2.36028875981409
2018-04,Russia,7.22,2.41130663267467
2018-05,Russia,6.99,2.42150344047675
2018-06,Russia,7.18,2.29938516016331
2018-07,Russia,7.1,2.50381939051563
2018-08,Russia,7.6,3.07061737132827
2018-09,Russia,8.2,3.39063177342904
2018-10,Russia,8.1,3.54540523410321
2018-11,Russia,8.26,3.83470921690995
2018-12,Russia,8.72,4.26895212126715
2019-01,Russia,8.73,4.99658158949327
2019-02,Russia,8.49,5.23759939694543
2019-03,Russia,8.39,5.26913344540645
2019-04,Russia,8.38,5.1747135211046
2019-05,Russia,8.32,5.13277480297409
2019-06,Russia,7.99,4.66200708584408
2019-07,Russia,7.68,4.58890231262792
2019-08,Russia,7.34,4.32748585175217
2019-09,Russia,6.96,3.99417489799745
2019-10,Russia,6.89,3.76617622868842
2019-11,Russia,6.74,3.53905437780976
2019-12,Russia,6.35,3.04622727941094
2020-02,Russia,6.07,2.3117298368171
2020-03,Russia,6.72,2.5462874212568
2020-06,Russia,4.46,3.21185102433601
2020-07,Russia,5.07,3.36639891769336
2020-08,Russia,4.27,3.57366684612306
2020-09,Russia,4.23,3.66699702675916
2020-10,Russia,4.64,3.97762358890857
2020-11,Russia,4.79,4.42340274121092
2020-12,Russia,4.63,4.91245189574135
2021-01,Russia,4.66,5.19462416610728
2021-02,Russia,4.67,5.66642094486843
2021-03,Russia,4.84,5.78199776321266
2021-04,Russia,5.59,5.51976788740024
2021-05,Russia,5.59,6.01437954385279
2021-06,Russia,5.99,6.5115644803337
2021-07,Russia,6.85,6.46908198529707
2021-08,Russia,6.95,6.69270076689528
2021-09,Russia,7.64,7.40805748087955
2021-10,Russia,7.55,8.13533337724675
2021-11,Russia,7.91,8.4037983877476
2021-12,Russia,8.68,8.39299997436693
2022-01,Russia,8.96,8.73752403994802
2022-02,Russia,9.7,9.1583475601613
2014-01,Germany,0.2920454,1.33971316702595
2014-02,Germany,0.2881,1.23691593261913
2014-03,Germany,0.3053333,1.04166220766423
2014-04,Germany,0.32975,1.33206496628494
2014-05,Germany,0.3245714,0.853073034958973
2014-06,Germany,0.2414286,1.04166220766423
2014-07,Germany,0.2050435,0.848248883011334
2014-08,Germany,0.1915714,0.848248883011334
2014-09,Germany,0.09709091,0.848248883011334
2014-10,Germany,0.08260869,0.755431313279418
2014-11,Germany,0.0809,0.565502805732377
2014-12,Germany,0.08090476,0.187796496000491
2015-01,Germany,0.06266667,-0.28328007292333
2015-02,Germany,0.0482,-0.046552472379185
2015-03,Germany,0.02718182,0.174787901665045
2015-04,Germany,0.0047,0.866242906034583
2015-05,Germany,-0.01036842,1.16255851453535
2015-06,Germany,-0.01390909,0.878123064112516
2015-07,Germany,-0.01873913,0.795678199038368
2015-08,Germany,-0.02766667,0.795678199038368
2015-09,Germany,-0.03704545,0.595293229231301
2015-10,Germany,-0.05359091,0.878123064112516
2015-11,Germany,-0.08761905,0.174787901665045
2015-12,Germany,-0.1263182,0.174787901665045
2016-01,Germany,-0.14615,0.507609269816592
2016-02,Germany,-0.1835714,0.100799092616897
2016-03,Germany,-0.2285238,0.300901902173683
2016-04,Germany,-0.2491905,-0.0998141529483573
2016-05,Germany,-0.2571818,0.199199150749965
2016-06,Germany,-0.2679091,0.298803975667739
2016-07,Germany,-0.2945238,0.497013080582069
2016-08,Germany,-0.2982174,0.397616751393498
2016-09,Germany,-0.3016364,0.597607951335478
2016-10,Germany,-0.309,0.796817601171026
2016-11,Germany,-0.3126818,0.80241212099682
2016-12,Germany,-0.3157619,1.50452008366891
2017-01,Germany,-0.3255455,1.61616086330399
2017-02,Germany,-0.3286,1.91340283229223
2017-03,Germany,-0.3293478,1.40000328881764
2017-04,Germany,-0.3303889,1.69830430726973
2017-05,Germany,-0.3294545,1.19283977596742
2017-06,Germany,-0.33,1.3902608985838
2017-07,Germany,-0.3304286,1.38477089827021
2017-08,Germany,-0.329087,1.58415765117138
2017-09,Germany,-0.329381,1.68317076584301
2017-10,Germany,-0.3295455,1.28457451268591
2017-11,Germany,-0.329,1.59202846700369
2017-12,Germany,-0.3278947,1.3833919429265
2018-01,Germany,-0.3284546,1.39165339077071
2018-02,Germany,-0.3285,1.08695006829308
2018-03,Germany,-0.3279048,1.47928594254216
2018-04,Germany,-0.32845,1.27701385417189
2018-05,Germany,-0.3252273,2.06287331275372
2018-06,Germany,-0.3220476,1.86092956450564
2018-07,Germany,-0.3207273,1.85365707174487
2018-08,Germany,-0.319,1.85185032978382
2018-09,Germany,-0.31885,1.94742124800866
2018-10,Germany,-0.3176956,2.34146751819417
2018-11,Germany,-0.3163636,2.05681199664007
2018-12,Germany,-0.3118947,1.55945345002633
2019-01,Germany,-0.308,1.37254188684954
2019-02,Germany,-0.30845,1.46627173157933
2019-03,Germany,-0.3091905,1.26336253762879
2019-04,Germany,-0.31045,2.03686229900502
2019-05,Germany,-0.3118636,1.44369200439134
2019-06,Germany,-0.3289,1.63457718099038
2019-07,Germany,-0.3648696,1.72417379216256
2019-08,Germany,-0.4076818,1.43537262423422
2019-09,Germany,-0.4175714,1.24160249812561
2019-10,Germany,-0.4128696,1.14394355044546
2019-11,Germany,-0.4012857,1.05566612002084
2019-12,Germany,-0.3947,1.53550791881101
2020-01,Germany,-0.3911364,1.74081801860471
2020-02,Germany,-0.40885,1.653406364011
2020-03,Germany,-0.4166364,1.4655038025285
2020-04,Germany,-0.25405,0.601202404809619
2020-05,Germany,-0.27195,0.410312139056681
2020-06,Germany,-0.376,0.2250825984325
2020-07,Germany,-0.4441304,-1.04090673130274
2020-08,Germany,-0.4797143,-0.854126288175388
2020-09,Germany,-0.4913636,-0.854126288175388
2020-10,Germany,-0.5091364,-0.748903667819794
2020-11,Germany,-0.5208572,-0.195075082434163
2020-12,Germany,-0.5380909,-0.567106243748082
2021-01,Germany,-0.54715,1.20240480961924
2021-02,Germany,-0.5411,1.4985014985015
2021-03,Germany,-0.5390869,1.79461615154536
2021-04,Germany,-0.53815,1.99203187250996
2021-05,Germany,-0.5400952,2.19123505976096
2021-06,Germany,-0.5429091,2.38805970149254
2021-07,Germany,-0.5448182,3.7111334002006
2021-08,Germany,-0.5475909,3.81143430290873
2021-09,Germany,-0.5450454,4.1123370110331
2021-10,Germany,-0.5498095,4.4044044044044
2021-11,Germany,-0.5673636,4.81444332998997
2021-12,Germany,-0.5819565,4.90981963927856
2022-01,Germany,-0.5601429,4.15841584158416
2022-02,Germany,-0.5315,4.33070866141732
2022-03,Germany,-0.4954348,5.87659157688541
2022-04,Germany,-0.4478947,6.25
2022-05,Germany,-0.3857273,7.01754385964912
2022-06,Germany,-0.2392273,6.70553935860058
2022-07,Germany,0.03661905,6.67311411992263
2022-08,Germany,0.3947391,6.95652173913043
2022-09,Germany,1.010864,8.57418111753372
2022-10,Germany,1.427667,8.82070949185043
2022-11,Germany,1.825227,8.80382775119617
2022-12,Germany,2.063476,8.11843361986629
2023-01,Germany,2.344864,8.65019011406844
2023-02,Germany,2.64035,8.67924528301887
2023-03,Germany,2.910565,7.40055504162812
2023-04,Germany,3.167,7.16911764705882
2023-05,Germany,3.366435,6.10200364298725
2023-06,Germany,3.535864,6.3752276867031
2023-07,Germany,3.671809,6.16500453309157
2023-08,Germany,3.780304,6.14272809394761
2023-09,Germany,3.880048,4.52528837622005
2023-10,Germany,3.967636,3.78854625550661
2023-11,Germany,3.971636,3.16622691292876
2023-12,Germany,3.933095,3.71024734982332
2024-01,Germany,3.925273,2.88713910761155
2024-02,Germany,3.923191,2.51736111111111
2024-03,Germany,3.922381,2.15331610680448
2014-01,Brazil,,5.58534061385354
2014-01,Saudi Arabia,,1.81190681622088
2014-01,Turkey,,7.75122266309864
2014-02,Brazil,,5.67951762401375
2014-02,Saudi Arabia,,2.02586206896552
2014-02,Turkey,,7.88904733428401
2014-03,Brazil,,6.15346912101078
2014-03,Saudi Arabia,,2.05863332614788
2014-03,Turkey,,8.38550472969885
2014-04,Brazil,,6.27955218787744
2014-04,Saudi Arabia,,2.55442983401595
2014-04,Turkey,,9.38339021615472
2014-05,Brazil,,6.37428162857837
2014-05,Saudi Arabia,,2.69483669289641
2014-05,Turkey,,9.6560185395556
2014-06,Brazil,,6.52328360136924
2014-06,Saudi Arabia,,2.59642318465848
2014-06,Turkey,,9.16347237880496
2014-07,Brazil,,6.50223431072657
2014-07,Saudi Arabia,,2.2717531075868
2014-07,Turkey,,9.31936702032009
2014-08,Brazil,,6.5129698466163
2014-08,Saudi Arabia,,2.45497427101201
2014-08,Turkey,,9.53602448134647
2014-09,Brazil,,6.74647431525626
2014-09,Saudi Arabia,,2.34550712220199
2014-09,Turkey,,8.85623688088964
2014-10,Brazil,,6.58724037975693
2014-10,Saudi Arabia,,2.07933461292386
2014-10,Turkey,,8.96288496972888
2014-11,Brazil,,6.5552913418734
2014-11,Saudi Arabia,,2.0442930153322
2014-11,Turkey,,9.15072819792946
2014-12,Brazil,,6.40851918152535
2014-12,Saudi Arabia,,1.90364777198766
2014-12,Turkey,,8.16994891052792
2015-01,Brazil,,7.13745770752637
2015-01,Saudi Arabia,,1.55720338983051
2015-01,Turkey,,7.24072963946219
2015-02,Brazil,,7.70158743308032
2015-02,Saudi Arabia,,1.35192226446979
2015-02,Turkey,,7.54668713225889
2015-03,Brazil,,8.12850466091043
2015-03,Saudi Arabia,,1.43626570915619
2015-03,Turkey,,7.61025381566743
2015-04,Brazil,,8.17148681360683
2015-04,Saudi Arabia,,1.00893326326852
2015-04,Turkey,,7.91280109830678
2015-05,Brazil,,8.47294263864758
2015-05,Saudi Arabia,,1.00766243308492
2015-05,Turkey,,8.09298856290403
2015-06,Brazil,,8.89468259261505
2015-06,Saudi Arabia,,1.19710175364906
2015-06,Turkey,,7.20452761597885
2015-07,Brazil,,9.55839261175329
2015-07,Saudi Arabia,,1.15255658005029
2015-07,Turkey,,6.81416293128264
2015-08,Brazil,,9.52547736996739
2015-08,Saudi Arabia,,0.99403578528827
2015-08,Turkey,,7.1405094494659
2015-09,Brazil,,9.49278920836632
2015-09,Saudi Arabia,,1.16157388028464
2015-09,Turkey,,7.94699269713629
2015-10,Brazil,,9.92889221556886
2015-10,Saudi Arabia,,1.18040321738222
2015-10,Turkey,,7.58143092966139
2015-11,Brazil,,10.4757672945358
2015-11,Saudi Arabia,,1.19991652754591
2015-11,Turkey,,8.10224258500121
2015-12,Brazil,,10.6719377324565
2015-12,Saudi Arabia,,1.23147568357337
2015-12,Turkey,,8.80833198772808
2016-01,Brazil,,10.7058050703129
2016-01,Saudi Arabia,,2.52425159069573
2016-01,Turkey,,9.57875823517668
2016-02,Brazil,,10.3558843748347
2016-02,Saudi Arabia,,2.5739891621509
2016-02,Turkey,,8.77735490009515
2016-03,Brazil,,9.38637237086206
2016-03,Saudi Arabia,,2.59239979177512
2016-03,Turkey,,7.45993809505152
2016-04,Brazil,,9.27779439789503
2016-04,Saudi Arabia,,2.5283529289356
2016-04,Turkey,,6.56540344654767
2016-05,Brazil,,9.32118973015947
2016-05,Saudi Arabia,,2.33814818663618
2016-05,Turkey,,6.58232700785892
2016-06,Brazil,,8.84356440237565
2016-06,Saudi Arabia,,2.26211476600602
2016-06,Turkey,,7.63747061770259
2016-07,Brazil,,8.73577105491906
2016-07,Saudi Arabia,,2.25813134452041
2016-07,Turkey,,8.79340879340879
2016-08,Brazil,,8.97449760160123
2016-08,Saudi Arabia,,2.06174886033983
2016-08,Turkey,,8.04509548278242
2016-09,Brazil,,8.47596862328723
2016-09,Saudi Arabia,,1.90338264197786
2016-09,Turkey,,7.28212534681312
2016-10,Brazil,,7.87367083148924
2016-10,Saudi Arabia,,1.55895106339046
2016-10,Turkey,,7.15943113772455
2016-11,Brazil,,6.98738329831815
2016-11,Saudi Arabia,,1.27848231776472
2016-11,Turkey,,7.00052048479441
2016-12,Brazil,,6.2879882132214
2016-12,Saudi Arabia,,0.969072164948454
2016-12,Turkey,,8.5330563181717
2017-01,Brazil,,5.3540150717656
2017-01,Saudi Arabia,,-0.529046698545122
2017-01,Turkey,,9.21877277364816
2017-02,Brazil,,4.75890729616351
2017-02,Saudi Arabia,,-0.568932236106878
2017-02,Turkey,,10.1282892339092
2017-03,Brazil,,4.5711051156819
2017-03,Saudi Arabia,,-0.74081591231987
2017-03,Turkey,,11.2917927589602
2017-04,Brazil,,4.08251689462282
2017-04,Saudi Arabia,,-0.659630606860158
2017-04,Turkey,,11.869618696187
2017-05,Brazil,,3.59725617777093
2017-05,Saudi Arabia,,-0.741267262388302
2017-05,Turkey,,11.7221782605568
2017-06,Brazil,,2.99849113083765
2017-06,Saudi Arabia,,-0.547945205479452
2017-06,Turkey,,10.9010847384814
2017-07,Brazil,,2.71162576680612
2017-07,Saudi Arabia,,-0.779983792544571
2017-07,Turkey,,9.78837851227971
2017-08,Brazil,,2.45590849402754
2017-08,Saudi Arabia,,-0.741041518627551
2017-08,Turkey,,10.6793015332198
2017-09,Brazil,,2.53769093329227
2017-09,Saudi Arabia,,-0.781646533346868
2017-09,Turkey,,11.1984978920891
2017-10,Brazil,,2.70132088889637
2017-10,Saudi Arabia,,-1.15888990545898
2017-10,Turkey,,11.8988579610938
2017-11,Brazil,,2.8037854253563
2017-11,Saudi Arabia,,-1.70009162170416
2017-11,Turkey,,12.9842604496022
2017-12,Brazil,,2.9474213204347
2017-12,Saudi Arabia,,-1.11292628139677
2017-12,Turkey,,11.9197374717987
2018-01,Brazil,,2.85511645128654
2018-01,Saudi Arabia,,3.15025058811496
2018-01,Turkey,,10.3456328818309
2018-02,Brazil,,2.84489372451748
2018-02,Saudi Arabia,,2.94267906406458
2018-02,Turkey,,10.2591256577423
2018-03,Brazil,,2.68080278906359
2018-03,Saudi Arabia,,2.87291687966466
2018-03,Turkey,,10.234569519067
2018-04,Brazil,,2.7627970938854
2018-04,Saudi Arabia,,2.49259372765349
2018-04,Turkey,,10.8495294764415
2018-05,Brazil,,2.8550133067405
2018-05,Saudi Arabia,,2.40409207161125
2018-05,Turkey,,12.1470654518528
2018-06,Brazil,,4.39110397390874
2018-06,Saudi Arabia,,2.32629323538414
2018-06,Turkey,,15.3851120149784
2018-07,Brazil,,4.48484373032307
2018-07,Saudi Arabia,,2.24604389994895
2018-07,Turkey,,15.8490201134606
2018-08,Brazil,,4.19301596721251
2018-08,Saudi Arabia,,2.28062998568214
2018-08,Turkey,,17.8964245630912
2018-09,Brazil,,4.52597601644164
2018-09,Saudi Arabia,,2.09740126867199
2018-09,Turkey,,24.5189244297184
2018-10,Brazil,,4.55702944942382
2018-10,Saudi Arabia,,2.13925743083411
2018-10,Turkey,,25.2403245942572
2018-11,Brazil,,4.04603139581444
2018-11,Saudi Arabia,,2.63048881524441
2018-11,Turkey,,21.6187957438957
2018-12,Brazil,,3.74558117019156
2018-12,Saudi Arabia,,1.91017036654621
2018-12,Turkey,,20.3017623163617
2019-01,Brazil,,3.77652756595386
2019-01,Saudi Arabia,,-3.1631135349529
2019-01,Turkey,,20.3537414965986
2019-02,Brazil,,3.89022541190741
2019-02,Saudi Arabia,,-3.23573200992556
2019-02,Turkey,,19.6716391031606
2019-03,Brazil,,4.57528353144346
2019-03,Saudi Arabia,,-3.21009739614391
2019-03,Turkey,,19.712910128388
2019-04,Brazil,,4.94050594134434
2019-04,Saudi Arabia,,-2.88049436858367
2019-04,Turkey,,19.5023046852208
2019-05,Brazil,,4.65825854278367
2019-05,Saudi Arabia,,-2.62737262737263
2019-05,Turkey,,18.7116036056726
2019-06,Brazil,,3.36626715248015
2019-06,Saudi Arabia,,-2.59248180277196
2019-06,Turkey,,15.7201208594449
2019-07,Brazil,,3.22202046586618
2019-07,Saudi Arabia,,-2.18671992011982
2019-07,Turkey,,16.6467265796722
2019-08,Brazil,,3.42861550144762
2019-08,Saudi Arabia,,-1.85981401859814
2019-08,Turkey,,15.008431703204
2019-09,Brazil,,2.8934248931769
2019-09,Saudi Arabia,,-1.41296723118549
2019-09,Turkey,,9.2621021389827
2019-10,Brazil,,2.53502857736265
2019-10,Saudi Arabia,,-0.886114187896486
2019-10,Turkey,,8.55284471802029
2019-11,Brazil,,3.27490639057367
2019-11,Saudi Arabia,,-0.807265388496468
2019-11,Turkey,,10.5618488924851
2019-12,Brazil,,4.30615161715952
2019-12,Saudi Arabia,,-0.182370820668693
2019-12,Turkey,,11.8360922108256
2020-01,Brazil,,4.19177123783206
2020-01,Russia,,2.42391294002112
2020-01,Saudi Arabia,,0.727012082736023
2020-01,Turkey,,12.1536413193659
2020-02,Brazil,,4.00511390503471
2020-02,Saudi Arabia,,1.23089547645912
2020-02,Turkey,,12.3673848160317
2020-03,Brazil,,3.30315771989022
2020-03,Saudi Arabia,,1.47859123113256
2020-03,Turkey,,11.8591891958988
2020-04,Brazil,,2.39927942876677
2020-04,Russia,,3.09840223658068
2020-04,Saudi Arabia,,1.30336617405583
2020-04,Turkey,,10.9366989722432
2020-04,United States,,0.32909668633668
2020-05,Brazil,,1.8777271637497
2020-05,Russia,,3.02650309160402
2020-05,Saudi Arabia,,1.05673540576588
2020-05,Turkey,,11.3900174114916
2020-06,Brazil,,2.13241738536746
2020-06,Saudi Arabia,,0.522059576210462
2020-06,Turkey,,12.6223919928439
2020-07,Brazil,,2.30562499760728
2020-07,Saudi Arabia,,6.12494895875868
2020-07,Turkey,,11.7641446426868
2020-08,Brazil,,2.43846475956657
2020-08,Saudi Arabia,,6.16403464085583
2020-08,Turkey,,11.7704096112004
2020-09,Brazil,,3.13532931382751
2020-09,Saudi Arabia,,5.74303720268347
2020-09,Turkey,,11.7483139752716
2020-10,Brazil,,3.9183500316258
2020-10,Saudi Arabia,,5.76043889058214
2020-10,Turkey,,11.8896209738516
2020-11,Brazil,,4.31122332577912
2020-11,Saudi Arabia,,5.79857578840285
2020-11,Turkey,,14.0263007432819
2020-12,Brazil,,4.51745688642451
2020-12,Saudi Arabia,,5.32886723507917
2020-12,Turkey,,14.5993189557321
2021-01,Brazil,,4.5591981123228
2021-01,Saudi Arabia,,5.72328962081936
2021-01,Turkey,,14.9736812632994
2021-02,Brazil,,5.1953786425932
2021-02,Saudi Arabia,,5.24875873948728
2021-02,Turkey,,15.610910227222
2021-03,Brazil,,6.0994785444116
2021-03,Saudi Arabia,,4.94789031670545
2021-03,Turkey,,16.1902436859159
2021-04,Brazil,,6.75930388922544
2021-04,Saudi Arabia,,5.25782595481714
2021-04,Turkey,,17.1401535990141
2021-05,Brazil,,8.05606544105881
2021-05,Saudi Arabia,,5.6751269035533
2021-05,Turkey,,16.5928531110243
2021-06,Brazil,,8.34707236557969
2021-06,Saudi Arabia,,6.16089613034623
2021-06,Turkey,,17.5253305856088
2021-07,Brazil,,8.99482284087018
2021-07,Saudi Arabia,,0.432858791843017
2021-07,Turkey,,18.9516817483353
2021-08,Brazil,,9.67977362406812
2021-08,Saudi Arabia,,0.268714011516315
2021-08,Turkey,,19.2526607562261
2021-09,Brazil,,10.2463949552557
2021-09,Saudi Arabia,,0.634432375276363
2021-09,Turkey,,19.5825737096876
2021-10,Brazil,,10.6726221561863
2021-10,Saudi Arabia,,0.816522574447647
2021-10,Turkey,,19.8900242110879
2021-11,Brazil,,10.7385009076792
2021-11,Saudi Arabia,,1.125
2021-11,Turkey,,21.3125275783224
2021-12,Brazil,,10.0609827374433
2021-12,Saudi Arabia,,1.24313385371495
2021-12,Turkey,,36.0809017254016
2022-01,Brazil,,10.3794248442458
2022-01,Saudi Arabia,,1.17307692307692
2022-01,Turkey,,48.6908240794857
2022-02,Brazil,,10.5436617263354
2022-02,Saudi Arabia,,1.61740637335131
2022-02,Turkey,,54.4385666846861
2022-03,Brazil,,11.2994121295852
2022-03,Russia,,16.6984511407834
2022-03,Saudi Arabia,,2.04396451986117
2022-03,Turkey,,61.1445380398449
2022-04,Brazil,,12.1316302169067
2022-04,Russia,,
2022-04,Saudi Arabia,,2.30028873917228
2022-04,Turkey,,69.9710700330628
2022-05,Brazil,,11.731212845584
2022-05,Russia,,
2022-05,Saudi Arabia,,2.23844749735806
2022-05,Turkey,,73.4959500977563
2022-06,Brazil,,11.886869625198
2022-06,Russia,,
2022-06,Saudi Arabia,,2.31175059952038
2022-06,Turkey,,78.6183970190692
2022-07,Brazil,,10.0694033168709
2022-07,Russia,,
2022-07,Saudi Arabia,,2.67215783928742
2022-07,Turkey,,79.6020525333716
2022-08,Brazil,,8.72729129262004
2022-08,Russia,,
2022-08,Saudi Arabia,,2.9957886676876
2022-08,Turkey,,80.2075940383251
2022-09,Brazil,,7.16882478916458
2022-09,Russia,,
2022-09,Saudi Arabia,,3.06619543413889
2022-09,Turkey,,83.4524936038972
2022-10,Brazil,,6.47037223498839
2022-10,Russia,,
2022-10,Saudi Arabia,,3.0109575988566
2022-10,Turkey,,85.5147864184009
2022-11,Brazil,,5.90072897070127
2022-11,Russia,,
2022-11,Saudi Arabia,,2.92859180374631
2022-11,Turkey,,84.3892599695787
2022-12,Brazil,,5.78509290788949
2022-12,Russia,,
2022-12,Saudi Arabia,,3.3028745478774
2022-12,Turkey,,64.2695974961788
2023-01,Brazil,,5.77449704132395
2023-01,Russia,,
2023-01,Saudi Arabia,,3.35487549895457
2023-01,Turkey,,57.6824810345505
2023-02,Brazil,,5.59640496585812
2023-02,Russia,,
2023-02,Saudi Arabia,,2.95594504973946
2023-02,Turkey,,55.1798282349706
2023-03,Brazil,,4.65077985348159
2023-03,Russia,,
2023-03,Saudi Arabia,,2.73998488284203
2023-03,Turkey,,50.5085107391779
2023-04,Brazil,,4.1847880580553
2023-04,Russia,,
2023-04,Saudi Arabia,,2.70015993978737
2023-04,Turkey,,43.6841698073586
2023-05,Brazil,,3.93582914384801
2023-05,Russia,,
2023-05,Saudi Arabia,,2.77203533170457
2023-05,Turkey,,39.5853009358633
2023-06,Brazil,,3.16147370214612
2023-06,Russia,,
2023-06,Saudi Arabia,,2.73767110444403
2023-06,Turkey,,38.2135187646999
2023-07,Brazil,,3.99238921077051
2023-07,Russia,,
2023-07,Saudi Arabia,,2.3134328358209
2023-07,Turkey,,47.8317333146859
2023-08,Brazil,,4.60817014589434
2023-08,Russia,,
2023-08,Saudi Arabia,,1.95149149707276
2023-08,Turkey,,58.9435336976321
2023-09,Brazil,,5.18528053447697
2023-09,Russia,,
2023-09,Saudi Arabia,,1.68674698795181
2023-09,Turkey,,61.5298646467155
2023-10,Brazil,,4.81918497861244
2023-10,Russia,,
2023-10,Saudi Arabia,,1.61872167237073
2023-10,Turkey,,61.3570110701107
2023-11,Brazil,,4.68356594448416
2023-11,Russia,,
2023-11,Saudi Arabia,,1.67205542725173
2023-11,Turkey,,61.9801660599322
2023-12,Brazil,,4.62119000508179
2023-12,Russia,,
2023-12,Saudi Arabia,,1.49267483645075
2023-12,Turkey,,64.7729186051664
2024-01,Brazil,,4.50679122364944
2024-01,Russia,,
2024-01,Saudi Arabia,,
2024-01,Turkey,,
2024-02,Brazil,,4.49637136279211
2024-02,China,,0.676328502415459
2024-02,Russia,,
2024-02,Saudi Arabia,,
2024-02,Turkey,,
2024-03,Brazil,,3.92561201996469
2024-03,China,,0.0
2024-03,Japan,,2.68199233716475
2024-03,Russia,,
2024-03,Saudi Arabia,,
2024-03,Turkey,,
